Workbook

Sheet 원가
A1: 원 가 계 산 서
A3: 공사명: | C3: 전남고등학교 AI팩토리(미래교실) 구축사업(전기) | E3: 공사기간: 1 개월 미만
A4: 비 목 | C4: 구 분 | D4: 금 액 | E4: 구 성 비
B5: 재 료 비 | C5: 직 접 재 료 비
C6: 간 접 재 료 비
C7: ( 소 계 )
A8: 순 | B8: 노 무 비 | C8: 직 접 노 무 비
C9: 간 접 노 무 비 | E9: (직접 노무비) * 17.5 %
C10: ( 소 계 )
C11: 산 재 보 험 료 | E11: (노무비) * 3.56 %
C12: 고 용 보 험 료 | E12: (노무비) * 1.01 %
A13: 공 | C13: 안 전 관 리 비 | E13: (재료+직노+관급재/1.1) * 3.11 %
B14: 경 | C14: 기 타 경 비 | E14: (재료+노무) * 4.831 %(수도광열비포함)
C15: 법 정 분 담 금 | E15: (노무비) * 0.096 %
A18: 사
B22: 비
A23: 비
C25: ( 소 계 )
B26: ( 순 공 사 비 계 )
A27: 일 반 관 리 비 | E27: (재료+노무+경비) * 8 %
A28: 이 윤 | E28: (노무+경비+일반관리비) * 15 %
A29: ( 총 원 가 )
A30: 공사손해보험료 | E30: 순계약금액 * 0.26477%
A31: 부 가 가 치 세
A36: ( 총 계 )

Sheet 총괄표
A1: 총줄수-> | B1: 55 | C1: 2.0 | D1: [ 전남고등학교 AI팩토리(미래교실) 구축사업(전 ] | AA1: 연속견적가로형식
A2: 번호 | B2: 공종코드 | C2: … | D2: 공 종 명 | E2: 규격 | F2: 단위 | G2: 수량 | H2: 재료비 | J2: 노무비 | M2: 경비 | P2: 계 | Q2: 비고
H3: 단가 | I3: 금액 | J3: 수량 | K3: 단가 | L3: 금액 | M3: 단가 | N3: 금액 | O3: 단가
B4: 공종줄 | D4: [전남고등학교 AI팩토리(미래교실) 구축사업(전]
B5: 001 | D5: 1.전기공사 | F5: 식 | G5: 1 | N5: =G5*M5 -> 0 | P5: =SUM(I5,L5,N5) -> 0
I6: =G6*H6 -> 0 | L6: =G6*K6 -> 0 | N6: =G6*M6 -> 0 | P6: =SUM(I6,L6,N6) -> 0
I7: =G7*H7 -> 0 | L7: =G7*K7 -> 0 | N7: =G7*M7 -> 0 | P7: =SUM(I7,L7,N7) -> 0
I8: =G8*H8 -> 0 | L8: =G8*K8 -> 0 | N8: =G8*M8 -> 0 | P8: =SUM(I8,L8,N8) -> 0
I9: =G9*H9 -> 0 | L9: =G9*K9 -> 0 | N9: =G9*M9 -> 0 | P9: =SUM(I9,L9,N9) -> 0
I10: =G10*H10 -> 0 | L10: =G10*K10 -> 0 | N10: =G10*M10 -> 0 | P10: =SUM(I10,L10,N10) -> 0
I11: =G11*H11 -> 0 | L11: =G11*K11 -> 0 | N11: =G11*M11 -> 0 | P11: =SUM(I11,L11,N11) -> 0
I12: =G12*H12 -> 0 | L12: =G12*K12 -> 0 | N12: =G12*M12 -> 0 | P12: =SUM(I12,L12,N12) -> 0
I13: =G13*H13 -> 0 | L13: =G13*K13 -> 0 | N13: =G13*M13 -> 0 | P13: =SUM(I13,L13,N13) -> 0
I14: =G14*H14 -> 0 | L14: =G14*K14 -> 0 | N14: =G14*M14 -> 0 | P14: =SUM(I14,L14,N14) -> 0
I15: =G15*H15 -> 0 | L15: =G15*K15 -> 0 | N15: =G15*M15 -> 0 | P15: =SUM(I15,L15,N15) -> 0
I16: =G16*H16 -> 0 | L16: =G16*K16 -> 0 | N16: =G16*M16 -> 0 | P16: =SUM(I16,L16,N16) -> 0
I17: =G17*H17 -> 0 | L17: =G17*K17 -> 0 | N17: =G17*M17 -> 0 | P17: =SUM(I17,L17,N17) -> 0
... I28: =G28*H28 -> 0 | L28: =G28*K28 -> 0 | N28: =G28*M28 -> 0 | P28: =SUM(I28,L28,N28) -> 0
C29: Total | D29: ( 합 계 ) | I29: =TRUNC(SUM(I4:I28)) -> 0 | L29: =TRUNC(SUM(L4:L28)) -> 0 | N29: =TRUNC(SUM(N4:N28)) -> 0 | P29: =TRUNC(SUM(P4:P28)) -> 0
B30: 공종줄 | D30: 1.전기공사
B31: 00101 | D31: 1-1.전열설비공사 | F31: 식 | G31: 1 | N31: =G31*M31 -> 0 | P31: =SUM(I31,L31,N31) -> 0
B32: 00102 | D32: 1-2.전등설비공사 | F32: 식 | G32: 1 | N32: =G32*M32 -> 0 | P32: =SUM(I32,L32,N32) -> 0
N34: =G34*M34 -> 0 | P34: =SUM(I34,L34,N34) -> 0
I35: =G35*H35 -> 0 | L35: =G35*K35 -> 0 | N35: =G35*M35 -> 0 | P35: =SUM(I35,L35,N35) -> 0
I36: =G36*H36 -> 0 | L36: =G36*K36 -> 0 | N36: =G36*M36 -> 0 | P36: =SUM(I36,L36,N36) -> 0
I37: =G37*H37 -> 0 | L37: =G37*K37 -> 0 | N37: =G37*M37 -> 0 | P37: =SUM(I37,L37,N37) -> 0
I38: =G38*H38 -> 0 | L38: =G38*K38 -> 0 | N38: =G38*M38 -> 0 | P38: =SUM(I38,L38,N38) -> 0
I39: =G39*H39 -> 0 | L39: =G39*K39 -> 0 | N39: =G39*M39 -> 0 | P39: =SUM(I39,L39,N39) -> 0
I40: =G40*H40 -> 0 | L40: =G40*K40 -> 0 | N40: =G40*M40 -> 0 | P40: =SUM(I40,L40,N40) -> 0
I41: =G41*H41 -> 0 | L41: =G41*K41 -> 0 | N41: =G41*M41 -> 0 | P41: =SUM(I41,L41,N41) -> 0
I42: =G42*H42 -> 0 | L42: =G42*K42 -> 0 | N42: =G42*M42 -> 0 | P42: =SUM(I42,L42,N42) -> 0
I43: =G43*H43 -> 0 | L43: =G43*K43 -> 0 | N43: =G43*M43 -> 0 | P43: =SUM(I43,L43,N43) -> 0
I44: =G44*H44 -> 0 | L44: =G44*K44 -> 0 | N44: =G44*M44 -> 0 | P44: =SUM(I44,L44,N44) -> 0
I45: =G45*H45 -> 0 | L45: =G45*K45 -> 0 | N45: =G45*M45 -> 0 | P45: =SUM(I45,L45,N45) -> 0
I46: =G46*H46 -> 0 | L46: =G46*K46 -> 0 | N46: =G46*M46 -> 0 | P46: =SUM(I46,L46,N46) -> 0
... I54: =G54*H54 -> 0 | L54: =G54*K54 -> 0 | N54: =G54*M54 -> 0 | P54: =SUM(I54,L54,N54) -> 0
B55: 001 | C55: Total | D55: ( 합 계 ) | I55: =TRUNC(SUM(I30:I54)) -> 0 | L55: =TRUNC(SUM(L30:L54)) -> 0 | N55: =TRUNC(SUM(N30:N54)) -> 0 | P55: =TRUNC(SUM(P30:P54)) -> 0

Sheet 내역서
A1: 총줄수-> | B1: 133 | C1: 2.0 | D1: [ 전남고등학교 AI팩토리(미래교실) 구축사업(전 ] | W1: 노임 계산 정보 | AA1: 부속재 및 손료
A2: 번호 | B2: 공종코드 | C2: 코드 | D2: 명 칭 | E2: 규 격 | F2: 단위 | G2: 수량 | H2: 재료비 | J2: 노무비 | M2: 경비 | P2: 계 | Q2: 비고 | W2: 노임계 | X2: 전체(%) | Y2: 공종별(%) | Z2: 노임 소수 | AA2: CD배관재 | AB2: 일반배관재 | AC2: 소모재 | AD2: 자재계 | AE2: 노임계
H3: 단가 | I3: 금액 | J3: 수량 | K3: 단가 | L3: 금액 | M3: 단가 | N3: 금액 | O3: 단가 | AD3: =IF([1]옵션!$C$11 =0, "1", [1]옵션!$C$11) -> 1000 | AE3: =IF([1]옵션!$C$12 =0, "1", [1]옵션!$C$12) -> 1000
B4: 공종줄 | D4: 1.전기공사::1-1.전열설비공사
A5: 59753097002 | B5: 00101 | C5: 3913170610035664 | D5: 합성수지제 가요전선관 | E5: CD-난연성 16㎜ | F5: m | G5: =[1]산출집계!H5 -> 73 | M5: =[1]합산자재!J4 -> 0 | N5: =TRUNC(G5*M5) -> 0 | P5: =SUM(I5,L5,N5) -> 0 | AA5: =G5*H5 -> 0 | AC5: =G5*H5 -> 0
A6: 59753097004 | B6: 00101 | C6: 3913170610035666 | D6: 합성수지제 가요전선관 | E6: CD-난연성 28㎜ | F6: m | G6: =[1]산출집계!H6 -> 18 | M6: =[1]합산자재!J6 -> 0 | N6: =TRUNC(G6*M6) -> 0 | P6: =SUM(I6,L6,N6) -> 0 | AA6: =G6*H6 -> 0 | AC6: =G6*H6 -> 0
A7: A0600000000 | B7: 00101 | C7: RENT000000000001 | D7: [ 배관 부속재 ] | E7: CD 전선관의 40 % | F7: 식 | G7: 1 | N7: =TRUNC(G7*M7) -> 0 | P7: =SUM(I7,L7,N7) -> 0 | AA7: =TRUNC(SUM(AA4:AA6)) -> 0
A8: 59753017003 | B8: 00101 | C8: 3913170620174410 | D8: 1종금속제가요전선관 | E8: 16 mm 일반-비방수 | F8: m | G8: =[1]산출집계!H7 -> 312 | M8: =[1]합산자재!J7 -> 0 | N8: =TRUNC(G8*M8) -> 0 | P8: =SUM(I8,L8,N8) -> 0 | AC8: =G8*H8 -> 0
A9: 59753017004 | B9: 00101 | C9: 3913170620174411 | D9: 1종금속제가요전선관 | E9: 22 mm 일반-비방수 | F9: m | G9: =[1]산출집계!H8 -> 29 | M9: =[1]합산자재!J8 -> 0 | N9: =TRUNC(G9*M9) -> 0 | P9: =SUM(I9,L9,N9) -> 0 | AC9: =G9*H9 -> 0
A10: 59753777111 | B10: 00101 | C10: 3912130610035781 | D10: 스위치박스 | E10: 2 개용 54 mm | F10: 개 | G10: =[1]산출집계!H9 -> 16 | M10: =[1]합산자재!J11 -> 0 | N10: =TRUNC(G10*M10) -> 0 | P10: =SUM(I10,L10,N10) -> 0
A11: 59753767281 | B11: 00101 | C11: 3912130820174718 | D11: 아우트렛박스 커버 | E11: 커버, 4각,2개용S/W (오목) | F11: 개 | G11: =[1]산출집계!H10 -> 16 | M11: =[1]합산자재!J13 -> 0 | N11: =TRUNC(G11*M11) -> 0 | P11: =SUM(I11,L11,N11) -> 0
A12: MM584315798 | B12: 00101 | C12: 3913170420175321 | D12: 덕트형 케이블트레이 | E12: DUCT, W 100 x H 100 | F12: m | G12: =[1]산출집계!H11 -> 3 | M12: =[1]합산자재!J14 -> 0 | N12: =TRUNC(G12*M12) -> 0 | P12: =SUM(I12,L12,N12) -> 0
A13: MM300040370 | B13: 00101 | C13: 3913171221650780 | D13: Al MOLD | E13: CATV 3호 | F13: m | G13: =[1]산출집계!H12 -> 14 | M13: =[1]합산자재!J15 -> 0 | N13: =TRUNC(G13*M13) -> 0 | P13: =SUM(I13,L13,N13) -> 0
A14: E1450667003 | B14: 00101 | C14: 2612162922076728 | D14: 450/750V 내열비닐절연전선 | E14: HFIX 2.25mm(4㎟) | F14: m | G14: =[1]산출집계!H13 -> 490 | M14: =[1]합산자재!J17 -> 0 | N14: =TRUNC(G14*M14) -> 0 | P14: =SUM(I14,L14,N14) -> 0 | AC14: =G14*H14 -> 0
A15: E1450927202 | B15: 00101 | C15: 2612152420683696 | D15: 접지용비닐절연전선(F-GV) | E15: 4㎟ | F15: m | G15: =[1]산출집계!H14 -> 29 | M15: =[1]합산자재!J18 -> 0 | N15: =TRUNC(G15*M15) -> 0 | P15: =SUM(I15,L15,N15) -> 0 | AC15: =G15*H15 -> 0
A16: MM481502538 | B16: 00101 | C16: 2612161321233111 | D16: 600V 비닐 캡타이어케이블 | E16: VCT, 3심 1.5 ㎟ | F16: m | G16: =[1]산출집계!H15 -> 145 | M16: =[1]합산자재!J19 -> 0 | N16: =TRUNC(G16*M16) -> 0 | P16: =SUM(I16,L16,N16) -> 0 | AC16: =G16*H16 -> 0
A17: E1450287522 | B17: 00101 | C17: 2612162920683903 | D17: 폴리에틸렌 난연케이블 | E17: 0.6/1kv F-CV 2C×4㎟ | F17: m | G17: =[1]산출집계!H16 -> 28 | M17: =[1]합산자재!J20 -> 0 | N17: =TRUNC(G17*M17) -> 0 | P17: =SUM(I17,L17,N17) -> 0 | AC17: =G17*H17 -> 0
A18: E1450287539 | B18: 00101 | C18: 2612162920683922 | D18: 폴리에틸렌 난연케이블 | E18: 0.6/1kv F-CV 3C×4㎟ | F18: m | G18: =[1]산출집계!H17 -> 88 | M18: =[1]합산자재!J21 -> 0 | N18: =TRUNC(G18*M18) -> 0 | P18: =SUM(I18,L18,N18) -> 0 | AC18: =G18*H18 -> 0
A19: 61452167502 | B19: 00101 | C19: 2612160921650753 | D19: UTP 케이블 | E19: Cat.6 0.5mm 4P | F19: m | G19: =[1]산출집계!H18 -> 4 | M19: =[1]합산자재!J22 -> 0 | N19: =TRUNC(G19*M19) -> 0 | P19: =SUM(I19,L19,N19) -> 0 | AC19: =G19*H19 -> 0
A20: 59350317206 | B20: 00101 | C20: 3912140620170850 | D20: 콘센트 | E20: 매입-접지형, 250V 2구 | F20: 개 | G20: =[1]산출집계!H19 -> 15 | M20: =[1]합산자재!J27 -> 0 | N20: =TRUNC(G20*M20) -> 0 | P20: =SUM(I20,L20,N20) -> 0
A21: 59350317207 | B21: 00101 | C21: 3912140621030227 | D21: 방우콘센트 | E21: 매입-접지형, 250V 1구 | F21: 개 | G21: =[1]산출집계!H20 -> 1 | M21: =[1]합산자재!J28 -> 0 | N21: =TRUNC(G21*M21) -> 0 | P21: =SUM(I21,L21,N21) -> 0
A22: MM317275398 | B22: 00101 | C22: 4619150520689684 | D22: 시각경보기 | F22: 개 | G22: =[1]산출집계!H21 -> 1 | M22: =[1]합산자재!J29 -> 0 | N22: =TRUNC(G22*M22) -> 0 | P22: =SUM(I22,L22,N22) -> 0 | Q22: 철거재사용
A23: MM064790193 | B23: 00101 | C23: 391115ZZ701Z0001 | D23: HDMI CABLE | F23: m | G23: =[1]산출집계!H22 -> 16 | M23: =[1]합산자재!J39 -> 0 | N23: =TRUNC(G23*M23) -> 0 | P23: =SUM(I23,L23,N23) -> 0 | AC23: =G23*H23 -> 0
A24: MM064790161 | B24: 00101 | C24: 391115ZZ701Z0008 | D24: TV 유닛 철거 | F24: EA | G24: =[1]산출집계!H23 -> 1 | M24: =[1]합산자재!J46 -> 0 | N24: =TRUNC(G24*M24) -> 0 | P24: =SUM(I24,L24,N24) -> 0 | Q24: 철거자재
A25: MM064790155 | B25: 00101 | C25: 391115ZZ701Z0010 | D25: 기존 분전반 속판 철거 | F25: 면 | G25: =[1]산출집계!H24 -> 1 | M25: =[1]합산자재!J48 -> 0 | N25: =TRUNC(G25*M25) -> 0 | P25: =SUM(I25,L25,N25) -> 0 | Q25: 철거자재
A26: MM064790116 | B26: 00101 | C26: 391115ZZ701Z0011 | D26: 노출배관 철거 | F26: m | G26: =[1]산출집계!H25 -> 11 | H26: =[1]합산자재!H49 -> 0 | J26: =[1]산출집계!J25 -> 11 | K26: =[1]합산자재!I49 -> 0 | L26: =TRUNC(G26*K26) -> 0 | M26: =[1]합산자재!J49 -> 0 | N26: =TRUNC(G26*M26) -> 0 | P26: =SUM(I26,L26,N26) -> 0 | Q26: 철거자재 | AC26: =G26*H26 -> 0
A27: MM064790152 | B27: 00101 | C27: 391115ZZ701Z0012 | D27: 무선 AP 재설치 | F27: EA | G27: =[1]산출집계!H26 -> 1 | I27: =TRUNC(G27*H27) -> 0 | J27: =[1]산출집계!J26 -> 1 | K27: =[1]합산자재!I50 -> 0 | L27: =TRUNC(G27*K27) -> 0 | M27: =[1]합산자재!J50 -> 0 | N27: =TRUNC(G27*M27) -> 0 | P27: =SUM(I27,L27,N27) -> 0 | Q27: 철거재사용
A28: MM064790182 | B28: 00101 | C28: 391115ZZ701Z0013 | D28: 배관용 홈파기 | F28: m | G28: =[1]산출집계!H27 -> 30 | H28: =[1]합산자재!H51 -> 0 | I28: =TRUNC(G28*H28) -> 0 | J28: =[1]산출집계!J27 -> 30 | K28: =[1]합산자재!I51 -> 0 | L28: =TRUNC(G28*K28) -> 0 | M28: =[1]합산자재!J51 -> 0 | N28: =TRUNC(G28*M28) -> 0 | P28: =SUM(I28,L28,N28) -> 0 | Q28: 노임적용 | AC28: =G28*H28 -> 0
A29: MM064790158 | B29: 00101 | C29: 391115ZZ701Z0014 | D29: 빔 프로젝트(스크린포함) 철거 | F29: SET | G29: =[1]산출집계!H28 -> 1 | I29: =TRUNC(G29*H29) -> 0 | J29: =[1]산출집계!J28 -> 1 | K29: =[1]합산자재!I52 -> 0 | L29: =TRUNC(G29*K29) -> 0 | M29: =[1]합산자재!J52 -> 0 | N29: =TRUNC(G29*M29) -> 0 | P29: =SUM(I29,L29,N29) -> 0 | Q29: 철거자재
A30: MM064790148 | B30: 00101 | C30: 391115ZZ701Z0015 | D30: 소방감지기 재설치 | F30: EA | G30: =[1]산출집계!H29 -> 3 | I30: =TRUNC(G30*H30) -> 0 | J30: =[1]산출집계!J29 -> 3 | K30: =[1]합산자재!I53 -> 0 | L30: =TRUNC(G30*K30) -> 0 | M30: =[1]합산자재!J53 -> 0 | N30: =TRUNC(G30*M30) -> 0 | P30: =SUM(I30,L30,N30) -> 0 | Q30: 철거재사용
A31: MM064790135 | B31: 00101 | C31: 391115ZZ701Z0016 | D31: 소화전 외함 교체 | E31: 외함은 건축 지급 | F31: 면 | G31: =[1]산출집계!H30 -> 1 | I31: =TRUNC(G31*H31) -> 0 | J31: =[1]산출집계!J30 -> 1 | K31: =[1]합산자재!I54 -> 0 | L31: =TRUNC(G31*K31) -> 0 | M31: =[1]합산자재!J54 -> 0 | N31: =TRUNC(G31*M31) -> 0 | P31: =SUM(I31,L31,N31) -> 0 | Q31: 지급자재
A32: MM064790142 | B32: 00101 | C32: 391115ZZ701Z0018 | D32: 스피커 재설치 천장형 | F32: EA | G32: =[1]산출집계!H31 -> 5 | I32: =TRUNC(G32*H32) -> 0 | J32: =[1]산출집계!J31 -> 5 | K32: =[1]합산자재!I56 -> 0 | L32: =TRUNC(G32*K32) -> 0 | M32: =[1]합산자재!J56 -> 0 | N32: =TRUNC(G32*M32) -> 0 | P32: =SUM(I32,L32,N32) -> 0 | Q32: 철거재사용
A33: MM064790149 | B33: 00101 | C33: 391115ZZ701Z0019 | D33: 스피커 재설치 컬럼형 | F33: EA | G33: =[1]산출집계!H32 -> 2 | I33: =TRUNC(G33*H33) -> 0 | J33: =[1]산출집계!J32 -> 2 | K33: =[1]합산자재!I57 -> 0 | L33: =TRUNC(G33*K33) -> 0 | M33: =[1]합산자재!J57 -> 0 | N33: =TRUNC(G33*M33) -> 0 | P33: =SUM(I33,L33,N33) -> 0 | Q33: 철거재사용
A34: MM064790139 | B34: 00101 | C34: 391115ZZ701Z0020 | D34: 스피커 철거 | E34: 컬럼형 | F34: EA | G34: =[1]산출집계!H33 -> 5 | N34: =TRUNC(G34*M34) -> 0 | P34: =SUM(I34,L34,N34) -> 0 | Q34: 철거자재
A35: MM064790123 | B35: 00101 | C35: 391115ZZ701Z0021 | D35: 시스템 박스 교체 | F35: EA | G35: =[1]산출집계!H34 -> 1 | N35: =TRUNC(G35*M35) -> 0 | P35: =SUM(I35,L35,N35) -> 0
A36: MM064790113 | B36: 00101 | C36: 391115ZZ701Z0023 | D36: 콘센트 교체 | E36: 흰색 | F36: EA | G36: =[1]산출집계!H35 -> 8 | N36: =TRUNC(G36*M36) -> 0 | P36: =SUM(I36,L36,N36) -> 0
A37: MM064790166 | B37: 00101 | C37: 391115ZZ701Z0024 | D37: 콘센트리프트 | E37: 1구콘센트 4EA, | F37: EA | G37: =[1]산출집계!H36 -> 9 | N37: =TRUNC(G37*M37) -> 0 | P37: =SUM(I37,L37,N37) -> 0
A38: MM064790170 | B38: 00101 | C38: 391115ZZ701Z0025 | D38: 콘센트리프트 리모컨 | F38: EA | G38: =[1]산출집계!H37 -> 1 | N38: =TRUNC(G38*M38) -> 0 | P38: =SUM(I38,L38,N38) -> 0
A39: MM064790168 | B39: 00101 | C39: 391115ZZ701Z0026 | D39: 콘센트리프트판넬 | F39: 면 | G39: =[1]산출집계!H42 -> 1 | N39: =TRUNC(G39*M39) -> 0 | P39: =SUM(I39,L39,N39) -> 0
A40: MM064790110 | B40: 00101 | C40: 391115ZZ701Z0027 | D40: 콘센트 철거 | F40: EA | G40: =[1]산출집계!H43 -> 9 | N40: =TRUNC(G40*M40) -> 0 | P40: =SUM(I40,L40,N40) -> 0 | Q40: 철거자재 | Z40: 노임계
A41: 56959000001 | B41: 00101 | C41: EAZ800010000 | D41: 기존 분전반 속판 교체 | F41: 면 | G41: =[1]산출집계!H44 -> 1 | N41: =TRUNC(G41*M41) -> 0 | P41: =SUM(I41,L41,N41) -> 0 | Q41: 제 1호
A42: A0100000000 | B42: 00101 | C42: RENT000000000003 | D42: [ 소모 잡자재 ] | E42: 전선, 전선관의 2 % | F42: 식 | G42: 1 | N42: =TRUNC(G42*M42) -> 0 | P42: =SUM(I42,L42,N42) -> 0 | AC42: =TRUNC(TRUNC(SUM(AC4:AC41))*[1]옵션!$B$33/100) -> 0 | AD42: =TRUNC(SUM(I4:I41))+TRUNC(SUM(N4:N41)) -> 0
A43: 56900017016 | B43: 00101 | C43: L001010101000075 | D43: 노 무 비 | E43: 내선전공 | F43: 인 | G43: =[1]노임근거!G40 -> 33.25 | N43: =TRUNC(G43*M43) -> 0 | P43: =SUM(I43,L43,N43) -> 0 | AE43: =L43 -> 0
A44: 56900017076 | B44: 00101 | C44: L001010101000078 | D44: 노 무 비 | E44: 저압케이블전공 | F44: 인 | G44: =[1]노임근거!G41 -> 7.42 | N44: =TRUNC(G44*M44) -> 0 | P44: =SUM(I44,L44,N44) -> 0 | AE44: =L44 -> 0
A45: 56900017116 | B45: 00101 | C45: L001010101000089 | D45: 노 무 비 | E45: 통신케이블공 | F45: 인 | G45: =[1]노임근거!G42 -> 0.045 | N45: =TRUNC(G45*M45) -> 0 | P45: =SUM(I45,L45,N45) -> 0 | AE45: =L45 -> 0
A46: 56900017041 | B46: 00101 | C46: L001010101000002 | D46: 노 무 비 | E46: 보통인부 | F46: 인 | G46: =[1]노임근거!G43 -> 3.58 | N46: =TRUNC(G46*M46) -> 0 | P46: =SUM(I46,L46,N46) -> 0 | AE46: =L46 -> 0
A47: 56900017030 | B47: 00101 | C47: L001010101000039 | D47: 노 무 비 | E47: 배관공 | F47: 인 | G47: =[1]노임근거!G44 -> 1.36 | N47: =TRUNC(G47*M47) -> 0 | P47: =SUM(I47,L47,N47) -> 0 | AE47: =L47 -> 0
A48: A0300000000 | B48: 00101 | C48: RENT000000000006 | D48: [ 공 구 손 료 ] | E48: 노무비의 3 % | F48: 식 | G48: 1 | N48: =TRUNC(G48*M48) -> 0 | P48: =SUM(I48,L48,N48) -> 0
N49: =TRUNC(G49*M49) -> 0 | P49: =SUM(I49,L49,N49) -> 0 | AC49: =TRUNC(AE49*[1]옵션!$B$36/100) -> 0 | AD49: =TRUNC(SUM(L4:L47)) -> 0 | AE49: =TRUNC(SUM(AE4:AE48)) -> 0
N50: =TRUNC(G50*M50) -> 0 | P50: =SUM(I50,L50,N50) -> 0
I51: =TRUNC(G51*H51) -> 0 | L51: =TRUNC(G51*K51) -> 0 | N51: =TRUNC(G51*M51) -> 0 | P51: =SUM(I51,L51,N51) -> 0
I52: =TRUNC(G52*H52) -> 0 | L52: =TRUNC(G52*K52) -> 0 | N52: =TRUNC(G52*M52) -> 0 | P52: =SUM(I52,L52,N52) -> 0
I53: =TRUNC(G53*H53) -> 0 | L53: =TRUNC(G53*K53) -> 0 | N53: =TRUNC(G53*M53) -> 0 | P53: =SUM(I53,L53,N53) -> 0
I54: =TRUNC(G54*H54) -> 0 | L54: =TRUNC(G54*K54) -> 0 | N54: =TRUNC(G54*M54) -> 0 | P54: =SUM(I54,L54,N54) -> 0
B55: 합계줄 | D55: ( 합 계 ) | I55: =TRUNC(SUM(I4:I54)) -> 0 | L55: =TRUNC(SUM(L4:L54)) -> 0 | N55: =TRUNC(SUM(N4:N54)) -> 0 | P55: =TRUNC(SUM(P4:P54)) -> 0
B56: 공종줄 | D56: 1.전기공사::1-2.전등설비공사
A57: 59753097002 | B57: 00102 | C57: 3913170610035664 | D57: 합성수지제 가요전선관 | E57: CD-난연성 16㎜ | F57: m | G57: =[1]산출집계!H79 -> 19 | P57: =SUM(I57,L57,N57) -> 0 | AA57: =G57*H57 -> 0 | AC57: =G57*H57 -> 0
A58: 59753097003 | B58: 00102 | C58: 3913170610035665 | D58: 합성수지제 가요전선관 | E58: CD-난연성 22㎜ | F58: m | G58: =[1]산출집계!H80 -> 20 | P58: =SUM(I58,L58,N58) -> 0 | AA58: =G58*H58 -> 0 | AC58: =G58*H58 -> 0
A59: A0600000000 | B59: 00102 | C59: RENT000000000001 | D59: [ 배관 부속재 ] | E59: CD 전선관의 40 % | F59: 식 | G59: 1 | P59: =SUM(I59,L59,N59) -> 0 | AA59: =TRUNC(SUM(AA56:AA58)) -> 0
A60: 59753017003 | B60: 00102 | C60: 3913170620174410 | D60: 1종금속제가요전선관 | E60: 16 mm 일반-비방수 | F60: m | G60: =[1]산출집계!H81 -> 93 | P60: =SUM(I60,L60,N60) -> 0 | AC60: =G60*H60 -> 0
A61: 59753017004 | B61: 00102 | C61: 3913170620174411 | D61: 1종금속제가요전선관 | E61: 22 mm 일반-비방수 | F61: m | G61: =[1]산출집계!H82 -> 10 | P61: =SUM(I61,L61,N61) -> 0 | AC61: =G61*H61 -> 0
A62: 59753767041 | B62: 00102 | C62: 3912130810035753 | D62: 아우트렛박스 | E62: 중형4각 54㎜ | F62: 개 | G62: =[1]산출집계!H83 -> 19 | P62: =SUM(I62,L62,N62) -> 0
A63: 59753777102 | B63: 00102 | C63: 3912130610035778 | D63: 스위치박스 | E63: 1 개용 54 mm | F63: 개 | G63: =[1]산출집계!H84 -> 1 | P63: =SUM(I63,L63,N63) -> 0
A64: 59753777111 | B64: 00102 | C64: 3912130610035781 | D64: 스위치박스 | E64: 2 개용 54 mm | F64: 개 | G64: =[1]산출집계!H85 -> 3 | P64: =SUM(I64,L64,N64) -> 0
A65: 59753767231 | B65: 00102 | C65: 3912130820174713 | D65: 아우트렛박스 커버 | E65: 커버, 4각, 평형 | F65: 개 | G65: =[1]산출집계!H86 -> 19 | P65: =SUM(I65,L65,N65) -> 0
A66: MM481669624 | B66: 00102 | C66: 2612162922076727 | D66: 450/750V 내열비닐절연전선 | E66: HFIX 1.78mm(2.5㎟) | F66: m | G66: =[1]산출집계!H87 -> 576 | P66: =SUM(I66,L66,N66) -> 0 | AC66: =G66*H66 -> 0
A67: 59301517201 | B67: 00102 | C67: 3912998720172256 | D67: 와이드 스위치 | E67: SUPPER WIDE,250V 1로1구 | F67: 개 | G67: =[1]산출집계!H88 -> 1 | P67: =SUM(I67,L67,N67) -> 0
A68: 59301517203 | B68: 00102 | C68: 3912998720172258 | D68: 와이드 스위치 | E68: SUPPER WIDE,250V 1로3구 | F68: 개 | G68: =[1]산출집계!H89 -> 1 | P68: =SUM(I68,L68,N68) -> 0
A69: 59301517204 | B69: 00102 | C69: 3912998720172259 | D69: 와이드 스위치 | E69: SUPPER WIDE,250V 1로4구 | F69: 개 | G69: =[1]산출집계!H90 -> 1 | P69: =SUM(I69,L69,N69) -> 0
A70: 59301517206 | B70: 00102 | C70: 3912998720172261 | D70: 와이드 스위치 | E70: SUPPER WIDE,250V 1로6구 | F70: 개 | G70: =[1]산출집계!H91 -> 1 | P70: =SUM(I70,L70,N70) -> 0
A71: MM064790214 | B71: 00102 | C71: 391115ZZ701Z0002 | D71: LED 14W T5(0.9M) | F71: EA | G71: =[1]산출집계!H92 -> 13 | P71: =SUM(I71,L71,N71) -> 0
A72: MM064790211 | B72: 00102 | C72: 391115ZZ701Z0003 | D72: LED 20W 라인등 | E72: 500mm | F72: EA | G72: =[1]산출집계!H93 -> 3 | P72: =SUM(I72,L72,N72) -> 0
A73: MM064790210 | B73: 00102 | C73: 391115ZZ701Z0004 | D73: LED 30W 라인등 | E73: 1000mm | F73: EA | G73: =[1]산출집계!H94 -> 10 | P73: =SUM(I73,L73,N73) -> 0
A74: MM064790208 | B74: 00102 | C74: 391115ZZ701Z0005 | D74: LED 40W 평판등 | F74: EA | G74: =[1]산출집계!H95 -> 8 | P74: =SUM(I74,L74,N74) -> 0
A75: MM064790209 | B75: 00102 | C75: 391115ZZ701Z0006 | D75: LED 60W 라인등 | E75: 2000mm | F75: EA | G75: =[1]산출집계!H96 -> 44 | P75: =SUM(I75,L75,N75) -> 0
A76: MM064790206 | B76: 00102 | C76: 391115ZZ701Z0007 | D76: LED 8W T5(0.5M) | E76: KS,고효율 | F76: EA | G76: =[1]산출집계!H97 -> 3 | P76: =SUM(I76,L76,N76) -> 0
A77: MM064790197 | B77: 00102 | C77: 391115ZZ701Z0009 | D77: 기존 LED 평판등 철거 | F77: EA | G77: =[1]산출집계!H98 -> 20 | P77: =SUM(I77,L77,N77) -> 0 | Q77: 철거자재
A78: MM064790182 | B78: 00102 | C78: 391115ZZ701Z0013 | D78: 배관용 홈파기 | F78: m | G78: =[1]산출집계!H99 -> 4 | P78: =SUM(I78,L78,N78) -> 0 | Q78: 노임적용 | Z78: 노임계 | AC78: =G78*H78 -> 0
A79: MM064852304 | B79: 00102 | C79: 391115ZZ701Z0017 | D79: 스위치 철거 | F79: EA | G79: =[1]산출집계!H100 -> 4 | P79: =SUM(I79,L79,N79) -> 0 | Q79: 철거자재
A80: A0100000000 | B80: 00102 | C80: RENT000000000003 | D80: [ 소모 잡자재 ] | E80: 전선, 전선관의 2 % | F80: 식 | G80: 1 | P80: =SUM(I80,L80,N80) -> 0 | AC80: =TRUNC(TRUNC(SUM(AC56:AC79))*[1]옵션!$B$33/100) -> 0 | AD80: =TRUNC(SUM(I56:I79))+TRUNC(SUM(N56:N79)) -> 0
A81: 56900017016 | B81: 00102 | C81: L001010101000075 | D81: 노 무 비 | E81: 내선전공 | F81: 인 | G81: =[1]노임근거!G78 -> 29.27 | P81: =SUM(I81,L81,N81) -> 0 | AE81: =L81 -> 0
A82: 56900017041 | B82: 00102 | C82: L001010101000002 | D82: 노 무 비 | E82: 보통인부 | F82: 인 | G82: =[1]노임근거!G79 -> 0.32 | P82: =SUM(I82,L82,N82) -> 0 | AE82: =L82 -> 0
A83: A0300000000 | B83: 00102 | C83: RENT000000000006 | D83: [ 공 구 손 료 ] | E83: 노무비의 3 % | F83: 식 | G83: 1 | P83: =SUM(I83,L83,N83) -> 0
P84: =SUM(I84,L84,N84) -> 0 | Z84: 노임계 | AC84: =TRUNC(AE84*[1]옵션!$B$36/100) -> 0 | AD84: =TRUNC(SUM(L56:L82)) -> 0 | AE84: =TRUNC(SUM(AE56:AE83)) -> 0
I85: =TRUNC(G85*H85) -> 0 | L85: =TRUNC(G85*K85) -> 0 | N85: =TRUNC(G85*M85) -> 0 | P85: =SUM(I85,L85,N85) -> 0
I86: =TRUNC(G86*H86) -> 0 | L86: =TRUNC(G86*K86) -> 0 | N86: =TRUNC(G86*M86) -> 0 | P86: =SUM(I86,L86,N86) -> 0
I87: =TRUNC(G87*H87) -> 0 | L87: =TRUNC(G87*K87) -> 0 | N87: =TRUNC(G87*M87) -> 0 | P87: =SUM(I87,L87,N87) -> 0
I88: =TRUNC(G88*H88) -> 0 | L88: =TRUNC(G88*K88) -> 0 | N88: =TRUNC(G88*M88) -> 0 | P88: =SUM(I88,L88,N88) -> 0
I89: =TRUNC(G89*H89) -> 0 | L89: =TRUNC(G89*K89) -> 0 | N89: =TRUNC(G89*M89) -> 0 | P89: =SUM(I89,L89,N89) -> 0
I90: =TRUNC(G90*H90) -> 0 | L90: =TRUNC(G90*K90) -> 0 | N90: =TRUNC(G90*M90) -> 0 | P90: =SUM(I90,L90,N90) -> 0
I91: =TRUNC(G91*H91) -> 0 | L91: =TRUNC(G91*K91) -> 0 | N91: =TRUNC(G91*M91) -> 0 | P91: =SUM(I91,L91,N91) -> 0
I92: =TRUNC(G92*H92) -> 0 | L92: =TRUNC(G92*K92) -> 0 | N92: =TRUNC(G92*M92) -> 0 | P92: =SUM(I92,L92,N92) -> 0
I93: =TRUNC(G93*H93) -> 0 | L93: =TRUNC(G93*K93) -> 0 | N93: =TRUNC(G93*M93) -> 0 | P93: =SUM(I93,L93,N93) -> 0
I94: =TRUNC(G94*H94) -> 0 | L94: =TRUNC(G94*K94) -> 0 | N94: =TRUNC(G94*M94) -> 0 | P94: =SUM(I94,L94,N94) -> 0
I95: =TRUNC(G95*H95) -> 0 | L95: =TRUNC(G95*K95) -> 0 | N95: =TRUNC(G95*M95) -> 0 | P95: =SUM(I95,L95,N95) -> 0
I96: =TRUNC(G96*H96) -> 0 | L96: =TRUNC(G96*K96) -> 0 | N96: =TRUNC(G96*M96) -> 0 | P96: =SUM(I96,L96,N96) -> 0
... I106: =TRUNC(G106*H106) -> 0 | L106: =TRUNC(G106*K106) -> 0 | N106: =TRUNC(G106*M106) -> 0 | P106: =SUM(I106,L106,N106) -> 0
B107: 합계줄 | D107: ( 합 계 ) | I107: =TRUNC(SUM(I56:I106)) -> 0 | L107: =TRUNC(SUM(L56:L106)) -> 0 | N107: =TRUNC(SUM(N56:N106)) -> 0 | P107: =TRUNC(SUM(P56:P106)) -> 0
