Workbook

Sheet 원가계산서
A1: 공 사 원 가 계 산 서
A2: 공사명 : 전남고 2026학년도 AI 융합형 교육실 구축
A3: 구 분 비 목 | D3: 구 성 비 | E3: 금 액 | F3: 비 고
A5: 순 공 사 원 가 | B5: 재료비 | C5: 직 접 재 료 비 | G5: A1 | H5: 0
C6: 소 계 | G6: A | H6: 0
B7: 노무비 | C7: 직 접 노 무 비 | G7: B1 | H7: 0
C8: 간 접 노 무 비 | D8: ="직.노*"&H8*100&"%" -> 직.노*17.5% | G8: B2 | H8: 0.175
C9: 소 계 | G9: B | H9: 0
B10: 경 비 | C10: 기 계 경 비 | G10: C4 | H10: 0
C11: 산 재 보 험 료 | D11: ="(노)*"&H11*100&"%" -> (노)*3.56% | G11: C10 | H11: 0.0356
C12: 고 용 보 험 료 | D12: ="(노)*"&H12*100&"%" -> (노)*1.01% | G12: C11 | H12: 0.0101
C13: 건 강 보 험 료 | G13: C12 | H13: 0
C14: 연 금 보 험 료 | G14: C13 | H14: 0
C15: 노인 장기 요양보험료 | G15: C14 | H15: 0
C16: 산업안전 보건 관리비 | D16: ="(재+직.노)*"&H16*100&"%" -> (재+직.노)*3.11% | G16: C16 | H16: 0.0311
C17: 퇴 직 공 제 부 금 비 | G17: C15 | H17: 0
C18: 기 타 경 비 | D18: ="(재+노)*"&H18*100&"%" -> (재+노)*4.831% | G18: C20 | H18: 0.04831
C19: 수 도 광 열 비 | G19: U3 | H19: 0
C20: 환 경 보 전 비 | G20: C25 | H20: 0
C21: 건설기계대여보증수수료 | G21: C32 | H21: 0
C22: 건설하도급보증수수료 | G22: C30 | H22: 0
C23: 석 면 분 담 금 | D23: ="노*"&H23*100&"%" -> 노*0.006% | G23: C21 | H23: 6e-05
C24: 임 금 채 권 부 담 금 | D24: ="노*"&H24*100&"%" -> 노*0.09% | G24: C22 | H24: 0.0009
C25: 소 계 | G25: C | H25: 0
B26: 계 | G26: X | H26: 0
A27: 일 반 관 리 비 | D27: ="(재+노+경)*"&H27*100&"%" -> (재+노+경)*8% | G27: D | H27: 0.08
A28: 이 윤 | D28: ="(노+경+일)*"&H28*100&"%" -> (노+경+일)*15% | G28: E | H28: 0.15
A29: 폐 기 물 처 리 비 | G29: L | H29: 0
A30: 작 업 부 산 물 | G30: L2 | H30: 0
A31: 총 원 가 | G31: F | H31: 0
A32: 부 가 가 치 세 | D32: ="(총원가)*"&H32*100&"%" -> (총원가)*10% | G32: H | H32: 0.1
A33: 도 급 금 액 | G33: Y | H33: 0
A34: 총 공 사 금 액 | H34: 0

Sheet 집계표(건축)
A1: 집 계 표
A2: 공사명 : 전남고 2026학년도 AI 융합형 교육실 구축
A3: 품 명 | C3: 단위 | D3: 수량 | E3: 재 료 비 | G3: 노 무 비 | I3: 경 비 | K3: 합 계 | M3: 비고
E4: 단 가 | F4: 금 액 | G4: 단 가 | H4: 금 액 | I4: 단 가 | J4: 금 액 | K4: 단 가 | L4: 금 액 | N4: 손료요율 | O4: 손료구분 | P4: 적용구분 | Q4: 합계구분 | R4: 기계경비 | S4: 운반비 | T4: 작업부산물 | U4: 관급 | V4: 외주비 | W4: 장비비 | X4: 폐기물처리비 | Y4: 가설비 | Z4: 잡비제외분 | AA4: 사급자재대 | AB4: 관급자재대 | AC4: 관급자관급 | AD4: 품질시험비 | AE4: 수도광열비 | AF4: 공기중석면농도측정비 | AG4: 사용자항목5 | AH4: 사용자항목6 | AI4: 사용자항목7 | AJ4: 관급자재대2 | AK4: 작업부산물 | AL4: 해체계획비및검토비 | AM4: 사용자항목11 | AN4: 사용자항목12 | AO4: 사용자항목13 | AP4: 사용자항목14 | AQ4: 사용자항목15 | AR4: 사용자항목16 | AS4: 사용자항목17 | AT4: 사용자항목18 | AU4: 사용자항목19 | AV4: 간접재료비 | AW4: 품목구분 | AX4: 조달코드 | AY4: 구분
A5: 1. 건축공사 | C5: 식 | D5: 1 | Q5: 1 | R5: =D5*R48 -> 0 | S5: =D5*S48 -> 0 | T5: =D5*T48 -> 0 | U5: =D5*U48 -> 0 | V5: =D5*V48 -> 0 | W5: =D5*W48 -> 0 | X5: =D5*X48 -> 0 | Y5: =D5*Y48 -> 0 | Z5: =D5*Z48 -> 0 | AA5: =D5*AA48 -> 0 | AB5: =D5*AB48 -> 0 | AC5: =D5*AC48 -> 0 | AD5: =D5*AD48 -> 0 | AE5: =D5*AE48 -> 0 | AF5: =D5*AF48 -> 0 | AG5: =D5*AG48 -> 0 | AH5: =D5*AH48 -> 0 | AI5: =D5*AI48 -> 0 | AJ5: =D5*AJ48 -> 0 | AK5: =D5*AK48 -> 0 | AL5: =D5*AL48 -> 0 | AM5: =D5*AM48 -> 0 | AN5: =D5*AN48 -> 0 | AO5: =D5*AO48 -> 0 | AP5: =D5*AP48 -> 0 | AQ5: =D5*AQ48 -> 0 | AR5: =D5*AR48 -> 0 | AS5: =D5*AS48 -> 0 | AT5: =D5*AT48 -> 0 | AU5: =D5*AU48 -> 0 | AV5: =D5*AV48 -> 0
A6: 2. 기계설비공사 | C6: 식 | D6: 1 | Q6: 1 | R6: =D6*'내역서(건축)'!R290 -> 0 | S6: =D6*'내역서(건축)'!S290 -> 0 | T6: =D6*'내역서(건축)'!T290 -> 0 | U6: =D6*'내역서(건축)'!U290 -> 0 | V6: =D6*'내역서(건축)'!V290 -> 0 | W6: =D6*'내역서(건축)'!W290 -> 0 | X6: =D6*'내역서(건축)'!X290 -> 0 | Y6: =D6*'내역서(건축)'!Y290 -> 0 | Z6: =D6*'내역서(건축)'!Z290 -> 0 | AA6: =D6*'내역서(건축)'!AA290 -> 0 | AB6: =D6*'내역서(건축)'!AB290 -> 0 | AC6: =D6*'내역서(건축)'!AC290 -> 0 | AD6: =D6*'내역서(건축)'!AD290 -> 0 | AE6: =D6*'내역서(건축)'!AE290 -> 0 | AF6: =D6*'내역서(건축)'!AF290 -> 0 | AG6: =D6*'내역서(건축)'!AG290 -> 0 | AH6: =D6*'내역서(건축)'!AH290 -> 0 | AI6: =D6*'내역서(건축)'!AI290 -> 0 | AJ6: =D6*'내역서(건축)'!AJ290 -> 0 | AK6: =D6*'내역서(건축)'!AK290 -> 0 | AL6: =D6*'내역서(건축)'!AL290 -> 0 | AM6: =D6*'내역서(건축)'!AM290 -> 0 | AN6: =D6*'내역서(건축)'!AN290 -> 0 | AO6: =D6*'내역서(건축)'!AO290 -> 0 | AP6: =D6*'내역서(건축)'!AP290 -> 0 | AQ6: =D6*'내역서(건축)'!AQ290 -> 0 | AR6: =D6*'내역서(건축)'!AR290 -> 0 | AS6: =D6*'내역서(건축)'!AS290 -> 0 | AT6: =D6*'내역서(건축)'!AT290 -> 0 | AU6: =D6*'내역서(건축)'!AU290 -> 0 | AV6: =D6*'내역서(건축)'!AV290 -> 0
A7: 3. 폐기물처리비 | C7: 식 | D7: 1 | R7: =D7*'내역서(건축)'!R312 -> 0 | S7: =D7*'내역서(건축)'!S312 -> 0 | T7: =D7*'내역서(건축)'!T312 -> 0 | U7: =D7*'내역서(건축)'!U312 -> 0 | V7: =D7*'내역서(건축)'!V312 -> 0 | W7: =D7*'내역서(건축)'!W312 -> 0 | X7: =D7*'내역서(건축)'!X312 -> 0 | Y7: =D7*'내역서(건축)'!Y312 -> 0 | Z7: =D7*'내역서(건축)'!Z312 -> 0 | AA7: =D7*'내역서(건축)'!AA312 -> 0 | AB7: =D7*'내역서(건축)'!AB312 -> 0 | AC7: =D7*'내역서(건축)'!AC312 -> 0 | AD7: =D7*'내역서(건축)'!AD312 -> 0 | AE7: =D7*'내역서(건축)'!AE312 -> 0 | AF7: =D7*'내역서(건축)'!AF312 -> 0 | AG7: =D7*'내역서(건축)'!AG312 -> 0 | AH7: =D7*'내역서(건축)'!AH312 -> 0 | AI7: =D7*'내역서(건축)'!AI312 -> 0 | AJ7: =D7*'내역서(건축)'!AJ312 -> 0 | AK7: =D7*'내역서(건축)'!AK312 -> 0 | AL7: =D7*'내역서(건축)'!AL312 -> 0 | AM7: =D7*'내역서(건축)'!AM312 -> 0 | AN7: =D7*'내역서(건축)'!AN312 -> 0 | AO7: =D7*'내역서(건축)'!AO312 -> 0 | AP7: =D7*'내역서(건축)'!AP312 -> 0 | AQ7: =D7*'내역서(건축)'!AQ312 -> 0 | AR7: =D7*'내역서(건축)'!AR312 -> 0 | AS7: =D7*'내역서(건축)'!AS312 -> 0 | AT7: =D7*'내역서(건축)'!AT312 -> 0 | AU7: =D7*'내역서(건축)'!AU312 -> 0 | AV7: =D7*'내역서(건축)'!AV312 -> 0
A8: 4. 작업부산물 | C8: 식 | D8: 1
A26: 합 계 | R26: =SUM(R5:R8) -> 0 | S26: =SUM(S5:S8) -> 0 | T26: =SUM(T5:T8) -> 0 | U26: =SUM(U5:U8) -> 0 | V26: =SUM(V5:V8) -> 0 | W26: =SUM(W5:W8) -> 0 | X26: =SUM(X5:X8) -> 0 | Y26: =SUM(Y5:Y8) -> 0 | ... AY26: =SUM(AY5:AY8) -> 0
A27: 1. 건축공사
A28: 1. 가설공사 | C28: 식 | D28: 1 | Q28: 1 | R28: =D28*'내역서(건축)'!R26 -> 0 | S28: =D28*'내역서(건축)'!S26 -> 0 | T28: =D28*'내역서(건축)'!T26 -> 0 | U28: =D28*'내역서(건축)'!U26 -> 0 | V28: =D28*'내역서(건축)'!V26 -> 0 | W28: =D28*'내역서(건축)'!W26 -> 0 | X28: =D28*'내역서(건축)'!X26 -> 0 | Y28: =D28*'내역서(건축)'!Y26 -> 0 | Z28: =D28*'내역서(건축)'!Z26 -> 0 | AA28: =D28*'내역서(건축)'!AA26 -> 0 | AB28: =D28*'내역서(건축)'!AB26 -> 0 | AC28: =D28*'내역서(건축)'!AC26 -> 0 | AD28: =D28*'내역서(건축)'!AD26 -> 0 | AE28: =D28*'내역서(건축)'!AE26 -> 0 | AF28: =D28*'내역서(건축)'!AF26 -> 0 | AG28: =D28*'내역서(건축)'!AG26 -> 0 | AH28: =D28*'내역서(건축)'!AH26 -> 0 | AI28: =D28*'내역서(건축)'!AI26 -> 0 | AJ28: =D28*'내역서(건축)'!AJ26 -> 0 | AK28: =D28*'내역서(건축)'!AK26 -> 0 | AL28: =D28*'내역서(건축)'!AL26 -> 0 | AM28: =D28*'내역서(건축)'!AM26 -> 0 | AN28: =D28*'내역서(건축)'!AN26 -> 0 | AO28: =D28*'내역서(건축)'!AO26 -> 0 | AP28: =D28*'내역서(건축)'!AP26 -> 0 | AQ28: =D28*'내역서(건축)'!AQ26 -> 0 | AR28: =D28*'내역서(건축)'!AR26 -> 0 | AS28: =D28*'내역서(건축)'!AS26 -> 0 | AT28: =D28*'내역서(건축)'!AT26 -> 0 | AU28: =D28*'내역서(건축)'!AU26 -> 0 | AV28: =D28*'내역서(건축)'!AV26 -> 0
A29: 2. 창호공사 | C29: 식 | D29: 1 | Q29: 1 | R29: =D29*'내역서(건축)'!R48 -> 0 | S29: =D29*'내역서(건축)'!S48 -> 0 | T29: =D29*'내역서(건축)'!T48 -> 0 | U29: =D29*'내역서(건축)'!U48 -> 0 | V29: =D29*'내역서(건축)'!V48 -> 0 | W29: =D29*'내역서(건축)'!W48 -> 0 | X29: =D29*'내역서(건축)'!X48 -> 0 | Y29: =D29*'내역서(건축)'!Y48 -> 0 | Z29: =D29*'내역서(건축)'!Z48 -> 0 | AA29: =D29*'내역서(건축)'!AA48 -> 0 | AB29: =D29*'내역서(건축)'!AB48 -> 0 | AC29: =D29*'내역서(건축)'!AC48 -> 0 | AD29: =D29*'내역서(건축)'!AD48 -> 0 | AE29: =D29*'내역서(건축)'!AE48 -> 0 | AF29: =D29*'내역서(건축)'!AF48 -> 0 | AG29: =D29*'내역서(건축)'!AG48 -> 0 | AH29: =D29*'내역서(건축)'!AH48 -> 0 | AI29: =D29*'내역서(건축)'!AI48 -> 0 | AJ29: =D29*'내역서(건축)'!AJ48 -> 0 | AK29: =D29*'내역서(건축)'!AK48 -> 0 | AL29: =D29*'내역서(건축)'!AL48 -> 0 | AM29: =D29*'내역서(건축)'!AM48 -> 0 | AN29: =D29*'내역서(건축)'!AN48 -> 0 | AO29: =D29*'내역서(건축)'!AO48 -> 0 | AP29: =D29*'내역서(건축)'!AP48 -> 0 | AQ29: =D29*'내역서(건축)'!AQ48 -> 0 | AR29: =D29*'내역서(건축)'!AR48 -> 0 | AS29: =D29*'내역서(건축)'!AS48 -> 0 | AT29: =D29*'내역서(건축)'!AT48 -> 0 | AU29: =D29*'내역서(건축)'!AU48 -> 0 | AV29: =D29*'내역서(건축)'!AV48 -> 0
A30: 3. 철거공사 | C30: 식 | D30: 1 | Q30: 1 | R30: =D30*'내역서(건축)'!R70 -> 0 | S30: =D30*'내역서(건축)'!S70 -> 0 | T30: =D30*'내역서(건축)'!T70 -> 0 | U30: =D30*'내역서(건축)'!U70 -> 0 | V30: =D30*'내역서(건축)'!V70 -> 0 | W30: =D30*'내역서(건축)'!W70 -> 0 | X30: =D30*'내역서(건축)'!X70 -> 0 | Y30: =D30*'내역서(건축)'!Y70 -> 0 | Z30: =D30*'내역서(건축)'!Z70 -> 0 | AA30: =D30*'내역서(건축)'!AA70 -> 0 | AB30: =D30*'내역서(건축)'!AB70 -> 0 | AC30: =D30*'내역서(건축)'!AC70 -> 0 | AD30: =D30*'내역서(건축)'!AD70 -> 0 | AE30: =D30*'내역서(건축)'!AE70 -> 0 | AF30: =D30*'내역서(건축)'!AF70 -> 0 | AG30: =D30*'내역서(건축)'!AG70 -> 0 | AH30: =D30*'내역서(건축)'!AH70 -> 0 | AI30: =D30*'내역서(건축)'!AI70 -> 0 | AJ30: =D30*'내역서(건축)'!AJ70 -> 0 | AK30: =D30*'내역서(건축)'!AK70 -> 0 | AL30: =D30*'내역서(건축)'!AL70 -> 0 | AM30: =D30*'내역서(건축)'!AM70 -> 0 | AN30: =D30*'내역서(건축)'!AN70 -> 0 | AO30: =D30*'내역서(건축)'!AO70 -> 0 | AP30: =D30*'내역서(건축)'!AP70 -> 0 | AQ30: =D30*'내역서(건축)'!AQ70 -> 0 | AR30: =D30*'내역서(건축)'!AR70 -> 0 | AS30: =D30*'내역서(건축)'!AS70 -> 0 | AT30: =D30*'내역서(건축)'!AT70 -> 0 | AU30: =D30*'내역서(건축)'!AU70 -> 0 | AV30: =D30*'내역서(건축)'!AV70 -> 0
A31: 4. 칸막이공사 | C31: 식 | D31: 1 | Q31: 1 | R31: =D31*'내역서(건축)'!R92 -> 0 | S31: =D31*'내역서(건축)'!S92 -> 0 | T31: =D31*'내역서(건축)'!T92 -> 0 | U31: =D31*'내역서(건축)'!U92 -> 0 | V31: =D31*'내역서(건축)'!V92 -> 0 | W31: =D31*'내역서(건축)'!W92 -> 0 | X31: =D31*'내역서(건축)'!X92 -> 0 | Y31: =D31*'내역서(건축)'!Y92 -> 0 | Z31: =D31*'내역서(건축)'!Z92 -> 0 | AA31: =D31*'내역서(건축)'!AA92 -> 0 | AB31: =D31*'내역서(건축)'!AB92 -> 0 | AC31: =D31*'내역서(건축)'!AC92 -> 0 | AD31: =D31*'내역서(건축)'!AD92 -> 0 | AE31: =D31*'내역서(건축)'!AE92 -> 0 | AF31: =D31*'내역서(건축)'!AF92 -> 0 | AG31: =D31*'내역서(건축)'!AG92 -> 0 | AH31: =D31*'내역서(건축)'!AH92 -> 0 | AI31: =D31*'내역서(건축)'!AI92 -> 0 | AJ31: =D31*'내역서(건축)'!AJ92 -> 0 | AK31: =D31*'내역서(건축)'!AK92 -> 0 | AL31: =D31*'내역서(건축)'!AL92 -> 0 | AM31: =D31*'내역서(건축)'!AM92 -> 0 | AN31: =D31*'내역서(건축)'!AN92 -> 0 | AO31: =D31*'내역서(건축)'!AO92 -> 0 | AP31: =D31*'내역서(건축)'!AP92 -> 0 | AQ31: =D31*'내역서(건축)'!AQ92 -> 0 | AR31: =D31*'내역서(건축)'!AR92 -> 0 | AS31: =D31*'내역서(건축)'!AS92 -> 0 | AT31: =D31*'내역서(건축)'!AT92 -> 0 | AU31: =D31*'내역서(건축)'!AU92 -> 0 | AV31: =D31*'내역서(건축)'!AV92 -> 0
A32: 5. 복도 | C32: 식 | D32: 1 | Q32: 1 | R32: =D32*'내역서(건축)'!R114 -> 0 | S32: =D32*'내역서(건축)'!S114 -> 0 | T32: =D32*'내역서(건축)'!T114 -> 0 | U32: =D32*'내역서(건축)'!U114 -> 0 | V32: =D32*'내역서(건축)'!V114 -> 0 | W32: =D32*'내역서(건축)'!W114 -> 0 | X32: =D32*'내역서(건축)'!X114 -> 0 | Y32: =D32*'내역서(건축)'!Y114 -> 0 | Z32: =D32*'내역서(건축)'!Z114 -> 0 | AA32: =D32*'내역서(건축)'!AA114 -> 0 | AB32: =D32*'내역서(건축)'!AB114 -> 0 | AC32: =D32*'내역서(건축)'!AC114 -> 0 | AD32: =D32*'내역서(건축)'!AD114 -> 0 | AE32: =D32*'내역서(건축)'!AE114 -> 0 | AF32: =D32*'내역서(건축)'!AF114 -> 0 | AG32: =D32*'내역서(건축)'!AG114 -> 0 | AH32: =D32*'내역서(건축)'!AH114 -> 0 | AI32: =D32*'내역서(건축)'!AI114 -> 0 | AJ32: =D32*'내역서(건축)'!AJ114 -> 0 | AK32: =D32*'내역서(건축)'!AK114 -> 0 | AL32: =D32*'내역서(건축)'!AL114 -> 0 | AM32: =D32*'내역서(건축)'!AM114 -> 0 | AN32: =D32*'내역서(건축)'!AN114 -> 0 | AO32: =D32*'내역서(건축)'!AO114 -> 0 | AP32: =D32*'내역서(건축)'!AP114 -> 0 | AQ32: =D32*'내역서(건축)'!AQ114 -> 0 | AR32: =D32*'내역서(건축)'!AR114 -> 0 | AS32: =D32*'내역서(건축)'!AS114 -> 0 | AT32: =D32*'내역서(건축)'!AT114 -> 0 | AU32: =D32*'내역서(건축)'!AU114 -> 0 | AV32: =D32*'내역서(건축)'!AV114 -> 0
A33: 6. 기술실 | C33: 식 | D33: 1 | Q33: 1 | R33: =D33*'내역서(건축)'!R158 -> 0 | S33: =D33*'내역서(건축)'!S158 -> 0 | T33: =D33*'내역서(건축)'!T158 -> 0 | U33: =D33*'내역서(건축)'!U158 -> 0 | V33: =D33*'내역서(건축)'!V158 -> 0 | W33: =D33*'내역서(건축)'!W158 -> 0 | X33: =D33*'내역서(건축)'!X158 -> 0 | Y33: =D33*'내역서(건축)'!Y158 -> 0 | Z33: =D33*'내역서(건축)'!Z158 -> 0 | AA33: =D33*'내역서(건축)'!AA158 -> 0 | AB33: =D33*'내역서(건축)'!AB158 -> 0 | AC33: =D33*'내역서(건축)'!AC158 -> 0 | AD33: =D33*'내역서(건축)'!AD158 -> 0 | AE33: =D33*'내역서(건축)'!AE158 -> 0 | AF33: =D33*'내역서(건축)'!AF158 -> 0 | AG33: =D33*'내역서(건축)'!AG158 -> 0 | AH33: =D33*'내역서(건축)'!AH158 -> 0 | AI33: =D33*'내역서(건축)'!AI158 -> 0 | AJ33: =D33*'내역서(건축)'!AJ158 -> 0 | AK33: =D33*'내역서(건축)'!AK158 -> 0 | AL33: =D33*'내역서(건축)'!AL158 -> 0 | AM33: =D33*'내역서(건축)'!AM158 -> 0 | AN33: =D33*'내역서(건축)'!AN158 -> 0 | AO33: =D33*'내역서(건축)'!AO158 -> 0 | AP33: =D33*'내역서(건축)'!AP158 -> 0 | AQ33: =D33*'내역서(건축)'!AQ158 -> 0 | AR33: =D33*'내역서(건축)'!AR158 -> 0 | AS33: =D33*'내역서(건축)'!AS158 -> 0 | AT33: =D33*'내역서(건축)'!AT158 -> 0 | AU33: =D33*'내역서(건축)'!AU158 -> 0 | AV33: =D33*'내역서(건축)'!AV158 -> 0
A34: 7. 장비실 | C34: 식 | D34: 1 | Q34: 1 | R34: =D34*'내역서(건축)'!R180 -> 0 | S34: =D34*'내역서(건축)'!S180 -> 0 | T34: =D34*'내역서(건축)'!T180 -> 0 | U34: =D34*'내역서(건축)'!U180 -> 0 | V34: =D34*'내역서(건축)'!V180 -> 0 | W34: =D34*'내역서(건축)'!W180 -> 0 | X34: =D34*'내역서(건축)'!X180 -> 0 | Y34: =D34*'내역서(건축)'!Y180 -> 0 | Z34: =D34*'내역서(건축)'!Z180 -> 0 | AA34: =D34*'내역서(건축)'!AA180 -> 0 | AB34: =D34*'내역서(건축)'!AB180 -> 0 | AC34: =D34*'내역서(건축)'!AC180 -> 0 | AD34: =D34*'내역서(건축)'!AD180 -> 0 | AE34: =D34*'내역서(건축)'!AE180 -> 0 | AF34: =D34*'내역서(건축)'!AF180 -> 0 | AG34: =D34*'내역서(건축)'!AG180 -> 0 | AH34: =D34*'내역서(건축)'!AH180 -> 0 | AI34: =D34*'내역서(건축)'!AI180 -> 0 | AJ34: =D34*'내역서(건축)'!AJ180 -> 0 | AK34: =D34*'내역서(건축)'!AK180 -> 0 | AL34: =D34*'내역서(건축)'!AL180 -> 0 | AM34: =D34*'내역서(건축)'!AM180 -> 0 | AN34: =D34*'내역서(건축)'!AN180 -> 0 | AO34: =D34*'내역서(건축)'!AO180 -> 0 | AP34: =D34*'내역서(건축)'!AP180 -> 0 | AQ34: =D34*'내역서(건축)'!AQ180 -> 0 | AR34: =D34*'내역서(건축)'!AR180 -> 0 | AS34: =D34*'내역서(건축)'!AS180 -> 0 | AT34: =D34*'내역서(건축)'!AT180 -> 0 | AU34: =D34*'내역서(건축)'!AU180 -> 0 | AV34: =D34*'내역서(건축)'!AV180 -> 0
A35: 8. 가구공사 | C35: 식 | D35: 1 | Q35: 1 | R35: =D35*'내역서(건축)'!R202 -> 0 | S35: =D35*'내역서(건축)'!S202 -> 0 | T35: =D35*'내역서(건축)'!T202 -> 0 | U35: =D35*'내역서(건축)'!U202 -> 0 | V35: =D35*'내역서(건축)'!V202 -> 0 | W35: =D35*'내역서(건축)'!W202 -> 0 | X35: =D35*'내역서(건축)'!X202 -> 0 | Y35: =D35*'내역서(건축)'!Y202 -> 0 | Z35: =D35*'내역서(건축)'!Z202 -> 0 | AA35: =D35*'내역서(건축)'!AA202 -> 0 | AB35: =D35*'내역서(건축)'!AB202 -> 0 | AC35: =D35*'내역서(건축)'!AC202 -> 0 | AD35: =D35*'내역서(건축)'!AD202 -> 0 | AE35: =D35*'내역서(건축)'!AE202 -> 0 | AF35: =D35*'내역서(건축)'!AF202 -> 0 | AG35: =D35*'내역서(건축)'!AG202 -> 0 | AH35: =D35*'내역서(건축)'!AH202 -> 0 | AI35: =D35*'내역서(건축)'!AI202 -> 0 | AJ35: =D35*'내역서(건축)'!AJ202 -> 0 | AK35: =D35*'내역서(건축)'!AK202 -> 0 | AL35: =D35*'내역서(건축)'!AL202 -> 0 | AM35: =D35*'내역서(건축)'!AM202 -> 0 | AN35: =D35*'내역서(건축)'!AN202 -> 0 | AO35: =D35*'내역서(건축)'!AO202 -> 0 | AP35: =D35*'내역서(건축)'!AP202 -> 0 | AQ35: =D35*'내역서(건축)'!AQ202 -> 0 | AR35: =D35*'내역서(건축)'!AR202 -> 0 | AS35: =D35*'내역서(건축)'!AS202 -> 0 | AT35: =D35*'내역서(건축)'!AT202 -> 0 | AU35: =D35*'내역서(건축)'!AU202 -> 0 | AV35: =D35*'내역서(건축)'!AV202 -> 0
A36: 9. 간판공사 | C36: 식 | D36: 1 | Q36: 1 | R36: =D36*'내역서(건축)'!R224 -> 0 | S36: =D36*'내역서(건축)'!S224 -> 0 | T36: =D36*'내역서(건축)'!T224 -> 0 | U36: =D36*'내역서(건축)'!U224 -> 0 | V36: =D36*'내역서(건축)'!V224 -> 0 | W36: =D36*'내역서(건축)'!W224 -> 0 | X36: =D36*'내역서(건축)'!X224 -> 0 | Y36: =D36*'내역서(건축)'!Y224 -> 0 | Z36: =D36*'내역서(건축)'!Z224 -> 0 | AA36: =D36*'내역서(건축)'!AA224 -> 0 | AB36: =D36*'내역서(건축)'!AB224 -> 0 | AC36: =D36*'내역서(건축)'!AC224 -> 0 | AD36: =D36*'내역서(건축)'!AD224 -> 0 | AE36: =D36*'내역서(건축)'!AE224 -> 0 | AF36: =D36*'내역서(건축)'!AF224 -> 0 | AG36: =D36*'내역서(건축)'!AG224 -> 0 | AH36: =D36*'내역서(건축)'!AH224 -> 0 | AI36: =D36*'내역서(건축)'!AI224 -> 0 | AJ36: =D36*'내역서(건축)'!AJ224 -> 0 | AK36: =D36*'내역서(건축)'!AK224 -> 0 | AL36: =D36*'내역서(건축)'!AL224 -> 0 | AM36: =D36*'내역서(건축)'!AM224 -> 0 | AN36: =D36*'내역서(건축)'!AN224 -> 0 | AO36: =D36*'내역서(건축)'!AO224 -> 0 | AP36: =D36*'내역서(건축)'!AP224 -> 0 | AQ36: =D36*'내역서(건축)'!AQ224 -> 0 | AR36: =D36*'내역서(건축)'!AR224 -> 0 | AS36: =D36*'내역서(건축)'!AS224 -> 0 | AT36: =D36*'내역서(건축)'!AT224 -> 0 | AU36: =D36*'내역서(건축)'!AU224 -> 0 | AV36: =D36*'내역서(건축)'!AV224 -> 0
A37: 10. 작업부신믈 | C37: 식 | D37: 1 | R37: =D37*'내역서(건축)'!R246 -> 0 | S37: =D37*'내역서(건축)'!S246 -> 0 | T37: =D37*'내역서(건축)'!T246 -> 0 | U37: =D37*'내역서(건축)'!U246 -> 0 | V37: =D37*'내역서(건축)'!V246 -> 0 | W37: =D37*'내역서(건축)'!W246 -> 0 | X37: =D37*'내역서(건축)'!X246 -> 0 | Y37: =D37*'내역서(건축)'!Y246 -> 0 | Z37: =D37*'내역서(건축)'!Z246 -> 0 | AA37: =D37*'내역서(건축)'!AA246 -> 0 | AB37: =D37*'내역서(건축)'!AB246 -> 0 | AC37: =D37*'내역서(건축)'!AC246 -> 0 | AD37: =D37*'내역서(건축)'!AD246 -> 0 | AE37: =D37*'내역서(건축)'!AE246 -> 0 | AF37: =D37*'내역서(건축)'!AF246 -> 0 | AG37: =D37*'내역서(건축)'!AG246 -> 0 | AH37: =D37*'내역서(건축)'!AH246 -> 0 | AI37: =D37*'내역서(건축)'!AI246 -> 0 | AJ37: =D37*'내역서(건축)'!AJ246 -> 0 | AK37: =D37*'내역서(건축)'!AK246 -> 0 | AL37: =D37*'내역서(건축)'!AL246 -> 0 | AM37: =D37*'내역서(건축)'!AM246 -> 0 | AN37: =D37*'내역서(건축)'!AN246 -> 0 | AO37: =D37*'내역서(건축)'!AO246 -> 0 | AP37: =D37*'내역서(건축)'!AP246 -> 0 | AQ37: =D37*'내역서(건축)'!AQ246 -> 0 | AR37: =D37*'내역서(건축)'!AR246 -> 0 | AS37: =D37*'내역서(건축)'!AS246 -> 0 | AT37: =D37*'내역서(건축)'!AT246 -> 0 | AU37: =D37*'내역서(건축)'!AU246 -> 0 | AV37: =D37*'내역서(건축)'!AV246 -> 0
A38: 11. 골재대 | C38: 식 | D38: 1 | Q38: 1 | R38: =D38*'내역서(건축)'!R268 -> 0 | S38: =D38*'내역서(건축)'!S268 -> 0 | T38: =D38*'내역서(건축)'!T268 -> 0 | U38: =D38*'내역서(건축)'!U268 -> 0 | V38: =D38*'내역서(건축)'!V268 -> 0 | W38: =D38*'내역서(건축)'!W268 -> 0 | X38: =D38*'내역서(건축)'!X268 -> 0 | Y38: =D38*'내역서(건축)'!Y268 -> 0 | Z38: =D38*'내역서(건축)'!Z268 -> 0 | AA38: =D38*'내역서(건축)'!AA268 -> 0 | AB38: =D38*'내역서(건축)'!AB268 -> 0 | AC38: =D38*'내역서(건축)'!AC268 -> 0 | AD38: =D38*'내역서(건축)'!AD268 -> 0 | AE38: =D38*'내역서(건축)'!AE268 -> 0 | AF38: =D38*'내역서(건축)'!AF268 -> 0 | AG38: =D38*'내역서(건축)'!AG268 -> 0 | AH38: =D38*'내역서(건축)'!AH268 -> 0 | AI38: =D38*'내역서(건축)'!AI268 -> 0 | AJ38: =D38*'내역서(건축)'!AJ268 -> 0 | AK38: =D38*'내역서(건축)'!AK268 -> 0 | AL38: =D38*'내역서(건축)'!AL268 -> 0 | AM38: =D38*'내역서(건축)'!AM268 -> 0 | AN38: =D38*'내역서(건축)'!AN268 -> 0 | AO38: =D38*'내역서(건축)'!AO268 -> 0 | AP38: =D38*'내역서(건축)'!AP268 -> 0 | AQ38: =D38*'내역서(건축)'!AQ268 -> 0 | AR38: =D38*'내역서(건축)'!AR268 -> 0 | AS38: =D38*'내역서(건축)'!AS268 -> 0 | AT38: =D38*'내역서(건축)'!AT268 -> 0 | AU38: =D38*'내역서(건축)'!AU268 -> 0 | AV38: =D38*'내역서(건축)'!AV268 -> 0
A48: 합 계 | F48: =SUMIF(Q28:Q38, "1", F28:F38) -> 0 | H48: =SUMIF(Q28:Q38, "1", H28:H38) -> 0 | J48: =SUMIF(Q28:Q38, "1", J28:J38) -> 0 | L48: =F48+H48+J48 -> 0 | R48: =SUM(R28:R38) -> 0 | S48: =SUM(S28:S38) -> 0 | T48: =SUM(T28:T38) -> 0 | U48: =SUM(U28:U38) -> 0 | V48: =SUM(V28:V38) -> 0 | W48: =SUM(W28:W38) -> 0 | X48: =SUM(X28:X38) -> 0 | Y48: =SUM(Y28:Y38) -> 0 | ... AY48: =SUM(AY28:AY38) -> 0

Sheet 집계표(기계)
A1: 공 종 별 집 계 표
A2: [ 전남고2026학년도AI융합형교육실구축(기계) ]
A3: 품 명 | B3: 규 격 | C3: 단위 | D3: 수량 | E3: 재 료 비 | G3: 노 무 비 | I3: 경 비 | K3: 합 계 | M3: 비 고 | N3: 공종코드 | O3: 변수 | P3: 상위공종 | Q3: 공종구분 | R3: 공종레벨 | S3: 공종소계 | T3: 원가계산서 연결금액
E4: 단 가 | F4: 금 액 | G4: 단 가 | H4: 금 액 | I4: 단 가 | J4: 금 액 | K4: 단 가 | L4: 금 액
A5: 전남고2026학년도AI융합형교육실구축(기계) | D5: 1 | N5: 01 | R5: 1
A6: 1.기계설비공사 | D6: 1 | N6: 0101 | P6: 01 | R6: 2
A7: 1-1.장비 및 위생기구 설치공사 | D7: 1 | N7: 010101 | P7: 0101 | R7: 3
A8: 1-2.급수, 급탕배관 설치공사 | D8: 1 | N8: 010102 | P8: 0101 | R8: 3
A9: 1-3.오수, 배수배관 설치공사 | D9: 1 | N9: 010103 | P9: 0101 | R9: 3
A10: 1-4.냉난방기 리모컨 이전 설치공사 | D10: 1 | N10: 010104 | P10: 0101 | R10: 3
A11: 1-5.철거 공사 | D11: 1 | N11: 010105 | P11: 0101 | R11: 3
A27: [ 합 계 ] | F27: =F5 -> 0 | H27: =H5 -> 0 | J27: =J5 -> 0 | L27: =L5 -> 0

Sheet 내역서(건축)
A1: 내 역 서
A2: 공사명 : 전남고 2026학년도 AI 융합형 교육실 구축
A3: 품 명 | B3: 규 격 | C3: 단위 | D3: 수 량 | E3: 재 료 비 | G3: 노 무 비 | I3: 경 비 | K3: 합 계 | M3: 비고
E4: 단 가 | F4: 금 액 | G4: 단 가 | H4: 금 액 | I4: 단 가 | J4: 금 액 | K4: 단 가 | L4: 금 액 | N4: 손료요율 | O4: 손료구분 | P4: 적용구분 | Q4: 합계구분 | R4: 기계경비 | S4: 운반비 | T4: 작업부산물 | U4: 관급 | V4: 외주비 | W4: 장비비 | X4: 폐기물처리비 | Y4: 가설비 | Z4: 잡비제외분 | AA4: 사급자재대 | AB4: 관급자재대 | AC4: 관급자관급 | AD4: 품질시험비 | AE4: 수도광열비 | AF4: 공기중석면농도측정비 | AG4: 사용자항목5 | AH4: 사용자항목6 | AI4: 사용자항목7 | AJ4: 관급자재대2 | AK4: 작업부산물 | AL4: 해체계획비및검토비 | AM4: 사용자항목11 | AN4: 사용자항목12 | AO4: 사용자항목13 | AP4: 사용자항목14 | AQ4: 사용자항목15 | AR4: 사용자항목16 | AS4: 사용자항목17 | AT4: 사용자항목18 | AU4: 사용자항목19 | AV4: 간접재료비 | AW4: 품목구분 | AX4: 조달코드 | AY4: 구분
A5: 1. 건축공사 > 1. 가설공사
A6: 강관 조립말비계(이동식)설치 및 해체 | B6: 높이 2m, 3개월 | C6: 대 | D6: 2 | M6: 일위 1호 | O6: ="" | P6: 기계경비 | Q6: 1 | R6: =IF(P6="기계경비", J6, 0) -> 0 | S6: =IF(P6="운반비", L6, 0) -> 0 | T6: =IF(P6="작업부산물", F6, 0) -> 0 | U6: =IF(P6="관급", F6, 0) -> 0 | V6: =IF(P6="외주비", J6, 0) -> 0 | W6: =IF(P6="장비비", J6, 0) -> 0 | X6: =IF(P6="폐기물처리비", L6, 0) -> 0 | Y6: =IF(P6="가설비", J6, 0) -> 0 | Z6: =IF(P6="잡비제외분", F6, 0) -> 0 | AA6: =IF(P6="사급자재대", L6, 0) -> 0 | AB6: =IF(P6="관급자재대", L6, 0) -> 0 | AC6: =IF(P6="관급자관급", L6, 0) -> 0 | AD6: =IF(P6="품질시험비", L6, 0) -> 0 | AE6: =IF(P6="수도광열비", L6, 0) -> 0 | AF6: =IF(P6="공기중석면농도측정비", L6, 0) -> 0 | AG6: =IF(P6="사용자항목5", L6, 0) -> 0 | AH6: =IF(P6="사용자항목6", L6, 0) -> 0 | AI6: =IF(P6="사용자항목7", L6, 0) -> 0 | AJ6: =IF(P6="관급자재대2", L6, 0) -> 0 | AK6: =IF(P6="작업부산물", L6, 0) -> 0 | AL6: =IF(P6="해체계획비및검토비", L6, 0) -> 0 | AM6: =IF(P6="사용자항목11", L6, 0) -> 0 | AN6: =IF(P6="사용자항목12", L6, 0) -> 0 | AO6: =IF(P6="사용자항목13", L6, 0) -> 0 | AP6: =IF(P6="사용자항목14", L6, 0) -> 0 | AQ6: =IF(P6="사용자항목15", L6, 0) -> 0 | AR6: =IF(P6="사용자항목16", L6, 0) -> 0 | AS6: =IF(P6="사용자항목17", L6, 0) -> 0 | AT6: =IF(P6="사용자항목18", L6, 0) -> 0 | AU6: =IF(P6="사용자항목19", L6, 0) -> 0
A7: 청렴현수막 설치 | B7: 시안제공 | C7: EA | D7: 1 | M7: 일위 2호 | O7: ="" | P7: 기계경비 | Q7: 1 | R7: =IF(P7="기계경비", J7, 0) -> 0 | S7: =IF(P7="운반비", L7, 0) -> 0 | T7: =IF(P7="작업부산물", F7, 0) -> 0 | U7: =IF(P7="관급", F7, 0) -> 0 | V7: =IF(P7="외주비", J7, 0) -> 0 | W7: =IF(P7="장비비", J7, 0) -> 0 | X7: =IF(P7="폐기물처리비", L7, 0) -> 0 | Y7: =IF(P7="가설비", J7, 0) -> 0 | Z7: =IF(P7="잡비제외분", F7, 0) -> 0 | AA7: =IF(P7="사급자재대", L7, 0) -> 0 | AB7: =IF(P7="관급자재대", L7, 0) -> 0 | AC7: =IF(P7="관급자관급", L7, 0) -> 0 | AD7: =IF(P7="품질시험비", L7, 0) -> 0 | AE7: =IF(P7="수도광열비", L7, 0) -> 0 | AF7: =IF(P7="공기중석면농도측정비", L7, 0) -> 0 | AG7: =IF(P7="사용자항목5", L7, 0) -> 0 | AH7: =IF(P7="사용자항목6", L7, 0) -> 0 | AI7: =IF(P7="사용자항목7", L7, 0) -> 0 | AJ7: =IF(P7="관급자재대2", L7, 0) -> 0 | AK7: =IF(P7="작업부산물", L7, 0) -> 0 | AL7: =IF(P7="해체계획비및검토비", L7, 0) -> 0 | AM7: =IF(P7="사용자항목11", L7, 0) -> 0 | AN7: =IF(P7="사용자항목12", L7, 0) -> 0 | AO7: =IF(P7="사용자항목13", L7, 0) -> 0 | AP7: =IF(P7="사용자항목14", L7, 0) -> 0 | AQ7: =IF(P7="사용자항목15", L7, 0) -> 0 | AR7: =IF(P7="사용자항목16", L7, 0) -> 0 | AS7: =IF(P7="사용자항목17", L7, 0) -> 0 | AT7: =IF(P7="사용자항목18", L7, 0) -> 0 | AU7: =IF(P7="사용자항목19", L7, 0) -> 0
A8: 건축허가표시판(공사현황) | B8: 600*900 이하, 철판+25각파이프 프레임 or 디지털실사 | C8: EA | D8: 1 | M8: 일위 3호 | O8: ="" | P8: 기계경비 | Q8: 1 | R8: =IF(P8="기계경비", J8, 0) -> 0 | S8: =IF(P8="운반비", L8, 0) -> 0 | T8: =IF(P8="작업부산물", F8, 0) -> 0 | U8: =IF(P8="관급", F8, 0) -> 0 | V8: =IF(P8="외주비", J8, 0) -> 0 | W8: =IF(P8="장비비", J8, 0) -> 0 | X8: =IF(P8="폐기물처리비", L8, 0) -> 0 | Y8: =IF(P8="가설비", J8, 0) -> 0 | Z8: =IF(P8="잡비제외분", F8, 0) -> 0 | AA8: =IF(P8="사급자재대", L8, 0) -> 0 | AB8: =IF(P8="관급자재대", L8, 0) -> 0 | AC8: =IF(P8="관급자관급", L8, 0) -> 0 | AD8: =IF(P8="품질시험비", L8, 0) -> 0 | AE8: =IF(P8="수도광열비", L8, 0) -> 0 | AF8: =IF(P8="공기중석면농도측정비", L8, 0) -> 0 | AG8: =IF(P8="사용자항목5", L8, 0) -> 0 | AH8: =IF(P8="사용자항목6", L8, 0) -> 0 | AI8: =IF(P8="사용자항목7", L8, 0) -> 0 | AJ8: =IF(P8="관급자재대2", L8, 0) -> 0 | AK8: =IF(P8="작업부산물", L8, 0) -> 0 | AL8: =IF(P8="해체계획비및검토비", L8, 0) -> 0 | AM8: =IF(P8="사용자항목11", L8, 0) -> 0 | AN8: =IF(P8="사용자항목12", L8, 0) -> 0 | AO8: =IF(P8="사용자항목13", L8, 0) -> 0 | AP8: =IF(P8="사용자항목14", L8, 0) -> 0 | AQ8: =IF(P8="사용자항목15", L8, 0) -> 0 | AR8: =IF(P8="사용자항목16", L8, 0) -> 0 | AS8: =IF(P8="사용자항목17", L8, 0) -> 0 | AT8: =IF(P8="사용자항목18", L8, 0) -> 0 | AU8: =IF(P8="사용자항목19", L8, 0) -> 0
A9: 공사용가설벽 설치 및 해체(내부통행안전시설) | B9: 틀+합판4.8mm | C9: M2 | D9: 6.2 | M9: 일위 4호 | O9: ="" | P9: 기계경비 | Q9: 1 | R9: =IF(P9="기계경비", J9, 0) -> 0 | S9: =IF(P9="운반비", L9, 0) -> 0 | T9: =IF(P9="작업부산물", F9, 0) -> 0 | U9: =IF(P9="관급", F9, 0) -> 0 | V9: =IF(P9="외주비", J9, 0) -> 0 | W9: =IF(P9="장비비", J9, 0) -> 0 | X9: =IF(P9="폐기물처리비", L9, 0) -> 0 | Y9: =IF(P9="가설비", J9, 0) -> 0 | Z9: =IF(P9="잡비제외분", F9, 0) -> 0 | AA9: =IF(P9="사급자재대", L9, 0) -> 0 | AB9: =IF(P9="관급자재대", L9, 0) -> 0 | AC9: =IF(P9="관급자관급", L9, 0) -> 0 | AD9: =IF(P9="품질시험비", L9, 0) -> 0 | AE9: =IF(P9="수도광열비", L9, 0) -> 0 | AF9: =IF(P9="공기중석면농도측정비", L9, 0) -> 0 | AG9: =IF(P9="사용자항목5", L9, 0) -> 0 | AH9: =IF(P9="사용자항목6", L9, 0) -> 0 | AI9: =IF(P9="사용자항목7", L9, 0) -> 0 | AJ9: =IF(P9="관급자재대2", L9, 0) -> 0 | AK9: =IF(P9="작업부산물", L9, 0) -> 0 | AL9: =IF(P9="해체계획비및검토비", L9, 0) -> 0 | AM9: =IF(P9="사용자항목11", L9, 0) -> 0 | AN9: =IF(P9="사용자항목12", L9, 0) -> 0 | AO9: =IF(P9="사용자항목13", L9, 0) -> 0 | AP9: =IF(P9="사용자항목14", L9, 0) -> 0 | AQ9: =IF(P9="사용자항목15", L9, 0) -> 0 | AR9: =IF(P9="사용자항목16", L9, 0) -> 0 | AS9: =IF(P9="사용자항목17", L9, 0) -> 0 | AT9: =IF(P9="사용자항목18", L9, 0) -> 0 | AU9: =IF(P9="사용자항목19", L9, 0) -> 0
A10: 건축물현장정리 | B10: 보통인부,집기이설및재설치 | C10: 인 | D10: 7 | M10: 일위 5호 | O10: ="" | P10: 기계경비 | Q10: 1 | R10: =IF(P10="기계경비", J10, 0) -> 0 | S10: =IF(P10="운반비", L10, 0) -> 0 | T10: =IF(P10="작업부산물", F10, 0) -> 0 | U10: =IF(P10="관급", F10, 0) -> 0 | V10: =IF(P10="외주비", J10, 0) -> 0 | W10: =IF(P10="장비비", J10, 0) -> 0 | X10: =IF(P10="폐기물처리비", L10, 0) -> 0 | Y10: =IF(P10="가설비", J10, 0) -> 0 | Z10: =IF(P10="잡비제외분", F10, 0) -> 0 | AA10: =IF(P10="사급자재대", L10, 0) -> 0 | AB10: =IF(P10="관급자재대", L10, 0) -> 0 | AC10: =IF(P10="관급자관급", L10, 0) -> 0 | AD10: =IF(P10="품질시험비", L10, 0) -> 0 | AE10: =IF(P10="수도광열비", L10, 0) -> 0 | AF10: =IF(P10="공기중석면농도측정비", L10, 0) -> 0 | AG10: =IF(P10="사용자항목5", L10, 0) -> 0 | AH10: =IF(P10="사용자항목6", L10, 0) -> 0 | AI10: =IF(P10="사용자항목7", L10, 0) -> 0 | AJ10: =IF(P10="관급자재대2", L10, 0) -> 0 | AK10: =IF(P10="작업부산물", L10, 0) -> 0 | AL10: =IF(P10="해체계획비및검토비", L10, 0) -> 0 | AM10: =IF(P10="사용자항목11", L10, 0) -> 0 | AN10: =IF(P10="사용자항목12", L10, 0) -> 0 | AO10: =IF(P10="사용자항목13", L10, 0) -> 0 | AP10: =IF(P10="사용자항목14", L10, 0) -> 0 | AQ10: =IF(P10="사용자항목15", L10, 0) -> 0 | AR10: =IF(P10="사용자항목16", L10, 0) -> 0 | AS10: =IF(P10="사용자항목17", L10, 0) -> 0 | AT10: =IF(P10="사용자항목18", L10, 0) -> 0 | AU10: =IF(P10="사용자항목19", L10, 0) -> 0 | AY10: KDJ
A11: 건축물현장정리 | B11: 보통인부 | C11: 인 | D11: 2 | M11: 일위 6호 | O11: ="" | P11: 기계경비 | Q11: 1 | R11: =IF(P11="기계경비", J11, 0) -> 0 | S11: =IF(P11="운반비", L11, 0) -> 0 | T11: =IF(P11="작업부산물", F11, 0) -> 0 | U11: =IF(P11="관급", F11, 0) -> 0 | V11: =IF(P11="외주비", J11, 0) -> 0 | W11: =IF(P11="장비비", J11, 0) -> 0 | X11: =IF(P11="폐기물처리비", L11, 0) -> 0 | Y11: =IF(P11="가설비", J11, 0) -> 0 | Z11: =IF(P11="잡비제외분", F11, 0) -> 0 | AA11: =IF(P11="사급자재대", L11, 0) -> 0 | AB11: =IF(P11="관급자재대", L11, 0) -> 0 | AC11: =IF(P11="관급자관급", L11, 0) -> 0 | AD11: =IF(P11="품질시험비", L11, 0) -> 0 | AE11: =IF(P11="수도광열비", L11, 0) -> 0 | AF11: =IF(P11="공기중석면농도측정비", L11, 0) -> 0 | AG11: =IF(P11="사용자항목5", L11, 0) -> 0 | AH11: =IF(P11="사용자항목6", L11, 0) -> 0 | AI11: =IF(P11="사용자항목7", L11, 0) -> 0 | AJ11: =IF(P11="관급자재대2", L11, 0) -> 0 | AK11: =IF(P11="작업부산물", L11, 0) -> 0 | AL11: =IF(P11="해체계획비및검토비", L11, 0) -> 0 | AM11: =IF(P11="사용자항목11", L11, 0) -> 0 | AN11: =IF(P11="사용자항목12", L11, 0) -> 0 | AO11: =IF(P11="사용자항목13", L11, 0) -> 0 | AP11: =IF(P11="사용자항목14", L11, 0) -> 0 | AQ11: =IF(P11="사용자항목15", L11, 0) -> 0 | AR11: =IF(P11="사용자항목16", L11, 0) -> 0 | AS11: =IF(P11="사용자항목17", L11, 0) -> 0 | AT11: =IF(P11="사용자항목18", L11, 0) -> 0 | AU11: =IF(P11="사용자항목19", L11, 0) -> 0 | AY11: KDJ
A26: 합 계 | F26: =ROUNDDOWN(SUMIF(Q6:Q25, "1", F6:F25), 0) -> 0 | H26: =ROUNDDOWN(SUMIF(Q6:Q25, "1", H6:H25), 0) -> 0 | J26: =ROUNDDOWN(SUMIF(Q6:Q25, "1", J6:J25), 0) -> 0 | L26: =F26+H26+J26 -> 0 | R26: =ROUNDDOWN(SUM(R6:R11), 0) -> 0 | S26: =ROUNDDOWN(SUM(S6:S11), 0) -> 0 | T26: =ROUNDDOWN(SUM(T6:T11), 0) -> 0 | U26: =ROUNDDOWN(SUM(U6:U11), 0) -> 0 | V26: =ROUNDDOWN(SUM(V6:V11), 0) -> 0 | W26: =ROUNDDOWN(SUM(W6:W11), 0) -> 0 | X26: =ROUNDDOWN(SUM(X6:X11), 0) -> 0 | Y26: =ROUNDDOWN(SUM(Y6:Y11), 0) -> 0 | ... AY26: =ROUNDDOWN(SUM(AY6:AY11), 0) -> 0
A27: 1. 건축공사 > 2. 창호공사
A28: SSD01 | B28: 1.7*2.1 | C28: 개소 | D28: 1 | M28: 일위 7호 | O28: ="" | P28: 기계경비 | Q28: 1 | R28: =IF(P28="기계경비", J28, 0) -> 0 | S28: =IF(P28="운반비", L28, 0) -> 0 | T28: =IF(P28="작업부산물", F28, 0) -> 0 | U28: =IF(P28="관급", F28, 0) -> 0 | V28: =IF(P28="외주비", J28, 0) -> 0 | W28: =IF(P28="장비비", J28, 0) -> 0 | X28: =IF(P28="폐기물처리비", L28, 0) -> 0 | Y28: =IF(P28="가설비", J28, 0) -> 0 | Z28: =IF(P28="잡비제외분", F28, 0) -> 0 | AA28: =IF(P28="사급자재대", L28, 0) -> 0 | AB28: =IF(P28="관급자재대", L28, 0) -> 0 | AC28: =IF(P28="관급자관급", L28, 0) -> 0 | AD28: =IF(P28="품질시험비", L28, 0) -> 0 | AE28: =IF(P28="수도광열비", L28, 0) -> 0 | AF28: =IF(P28="공기중석면농도측정비", L28, 0) -> 0 | AG28: =IF(P28="사용자항목5", L28, 0) -> 0 | AH28: =IF(P28="사용자항목6", L28, 0) -> 0 | AI28: =IF(P28="사용자항목7", L28, 0) -> 0 | AJ28: =IF(P28="관급자재대2", L28, 0) -> 0 | AK28: =IF(P28="작업부산물", L28, 0) -> 0 | AL28: =IF(P28="해체계획비및검토비", L28, 0) -> 0 | AM28: =IF(P28="사용자항목11", L28, 0) -> 0 | AN28: =IF(P28="사용자항목12", L28, 0) -> 0 | AO28: =IF(P28="사용자항목13", L28, 0) -> 0 | AP28: =IF(P28="사용자항목14", L28, 0) -> 0 | AQ28: =IF(P28="사용자항목15", L28, 0) -> 0 | AR28: =IF(P28="사용자항목16", L28, 0) -> 0 | AS28: =IF(P28="사용자항목17", L28, 0) -> 0 | AT28: =IF(P28="사용자항목18", L28, 0) -> 0 | AU28: =IF(P28="사용자항목19", L28, 0) -> 0
A29: WD01 | B29: 0.9*2.1 | C29: 개소 | D29: 1 | M29: 일위 8호 | O29: ="" | P29: 기계경비 | Q29: 1 | R29: =IF(P29="기계경비", J29, 0) -> 0 | S29: =IF(P29="운반비", L29, 0) -> 0 | T29: =IF(P29="작업부산물", F29, 0) -> 0 | U29: =IF(P29="관급", F29, 0) -> 0 | V29: =IF(P29="외주비", J29, 0) -> 0 | W29: =IF(P29="장비비", J29, 0) -> 0 | X29: =IF(P29="폐기물처리비", L29, 0) -> 0 | Y29: =IF(P29="가설비", J29, 0) -> 0 | Z29: =IF(P29="잡비제외분", F29, 0) -> 0 | AA29: =IF(P29="사급자재대", L29, 0) -> 0 | AB29: =IF(P29="관급자재대", L29, 0) -> 0 | AC29: =IF(P29="관급자관급", L29, 0) -> 0 | AD29: =IF(P29="품질시험비", L29, 0) -> 0 | AE29: =IF(P29="수도광열비", L29, 0) -> 0 | AF29: =IF(P29="공기중석면농도측정비", L29, 0) -> 0 | AG29: =IF(P29="사용자항목5", L29, 0) -> 0 | AH29: =IF(P29="사용자항목6", L29, 0) -> 0 | AI29: =IF(P29="사용자항목7", L29, 0) -> 0 | AJ29: =IF(P29="관급자재대2", L29, 0) -> 0 | AK29: =IF(P29="작업부산물", L29, 0) -> 0 | AL29: =IF(P29="해체계획비및검토비", L29, 0) -> 0 | AM29: =IF(P29="사용자항목11", L29, 0) -> 0 | AN29: =IF(P29="사용자항목12", L29, 0) -> 0 | AO29: =IF(P29="사용자항목13", L29, 0) -> 0 | AP29: =IF(P29="사용자항목14", L29, 0) -> 0 | AQ29: =IF(P29="사용자항목15", L29, 0) -> 0 | AR29: =IF(P29="사용자항목16", L29, 0) -> 0 | AS29: =IF(P29="사용자항목17", L29, 0) -> 0 | AT29: =IF(P29="사용자항목18", L29, 0) -> 0 | AU29: =IF(P29="사용자항목19", L29, 0) -> 0
A30: 도아록설치 | B30: 원통형(목재문) | C30: 개소 | D30: 1 | M30: 일위 9호 | O30: ="" | P30: 기계경비 | Q30: 1 | R30: =IF(P30="기계경비", J30, 0) -> 0 | S30: =IF(P30="운반비", L30, 0) -> 0 | T30: =IF(P30="작업부산물", F30, 0) -> 0 | U30: =IF(P30="관급", F30, 0) -> 0 | V30: =IF(P30="외주비", J30, 0) -> 0 | W30: =IF(P30="장비비", J30, 0) -> 0 | X30: =IF(P30="폐기물처리비", L30, 0) -> 0 | Y30: =IF(P30="가설비", J30, 0) -> 0 | Z30: =IF(P30="잡비제외분", F30, 0) -> 0 | AA30: =IF(P30="사급자재대", L30, 0) -> 0 | AB30: =IF(P30="관급자재대", L30, 0) -> 0 | AC30: =IF(P30="관급자관급", L30, 0) -> 0 | AD30: =IF(P30="품질시험비", L30, 0) -> 0 | AE30: =IF(P30="수도광열비", L30, 0) -> 0 | AF30: =IF(P30="공기중석면농도측정비", L30, 0) -> 0 | AG30: =IF(P30="사용자항목5", L30, 0) -> 0 | AH30: =IF(P30="사용자항목6", L30, 0) -> 0 | AI30: =IF(P30="사용자항목7", L30, 0) -> 0 | AJ30: =IF(P30="관급자재대2", L30, 0) -> 0 | AK30: =IF(P30="작업부산물", L30, 0) -> 0 | AL30: =IF(P30="해체계획비및검토비", L30, 0) -> 0 | AM30: =IF(P30="사용자항목11", L30, 0) -> 0 | AN30: =IF(P30="사용자항목12", L30, 0) -> 0 | AO30: =IF(P30="사용자항목13", L30, 0) -> 0 | AP30: =IF(P30="사용자항목14", L30, 0) -> 0 | AQ30: =IF(P30="사용자항목15", L30, 0) -> 0 | AR30: =IF(P30="사용자항목16", L30, 0) -> 0 | AS30: =IF(P30="사용자항목17", L30, 0) -> 0 | AT30: =IF(P30="사용자항목18", L30, 0) -> 0 | AU30: =IF(P30="사용자항목19", L30, 0) -> 0
A31: 도어힌지 | B31: 도어힌지, 황동경첩, 3.0T×102×102mm | C31: 개 | D31: 3 | O31: ="01" -> 01 | P31: 기계경비 | Q31: 1 | R31: =IF(P31="기계경비", J31, 0) -> 0 | S31: =IF(P31="운반비", L31, 0) -> 0 | T31: =IF(P31="작업부산물", F31, 0) -> 0 | U31: =IF(P31="관급", F31, 0) -> 0 | V31: =IF(P31="외주비", J31, 0) -> 0 | W31: =IF(P31="장비비", J31, 0) -> 0 | X31: =IF(P31="폐기물처리비", L31, 0) -> 0 | Y31: =IF(P31="가설비", J31, 0) -> 0 | Z31: =IF(P31="잡비제외분", F31, 0) -> 0 | AA31: =IF(P31="사급자재대", L31, 0) -> 0 | AB31: =IF(P31="관급자재대", L31, 0) -> 0 | AC31: =IF(P31="관급자관급", L31, 0) -> 0 | AD31: =IF(P31="품질시험비", L31, 0) -> 0 | AE31: =IF(P31="수도광열비", L31, 0) -> 0 | AF31: =IF(P31="공기중석면농도측정비", L31, 0) -> 0 | AG31: =IF(P31="사용자항목5", L31, 0) -> 0 | AH31: =IF(P31="사용자항목6", L31, 0) -> 0 | AI31: =IF(P31="사용자항목7", L31, 0) -> 0 | AJ31: =IF(P31="관급자재대2", L31, 0) -> 0 | AK31: =IF(P31="작업부산물", L31, 0) -> 0 | AL31: =IF(P31="해체계획비및검토비", L31, 0) -> 0 | AM31: =IF(P31="사용자항목11", L31, 0) -> 0 | AN31: =IF(P31="사용자항목12", L31, 0) -> 0 | AO31: =IF(P31="사용자항목13", L31, 0) -> 0 | AP31: =IF(P31="사용자항목14", L31, 0) -> 0 | AQ31: =IF(P31="사용자항목15", L31, 0) -> 0 | AR31: =IF(P31="사용자항목16", L31, 0) -> 0 | AS31: =IF(P31="사용자항목17", L31, 0) -> 0 | AT31: =IF(P31="사용자항목18", L31, 0) -> 0 | AU31: =IF(P31="사용자항목19", L31, 0) -> 0
A32: 세이프강화도어(락2000형) - 내부용 | B32: 12* 850*2100mm, 투명,손보호용,헤어라인/밀러 | C32: 개 | D32: 2 | M32: 일위 10호 | O32: ="" | P32: 기계경비 | Q32: 1 | R32: =IF(P32="기계경비", J32, 0) -> 0 | S32: =IF(P32="운반비", L32, 0) -> 0 | T32: =IF(P32="작업부산물", F32, 0) -> 0 | U32: =IF(P32="관급", F32, 0) -> 0 | V32: =IF(P32="외주비", J32, 0) -> 0 | W32: =IF(P32="장비비", J32, 0) -> 0 | X32: =IF(P32="폐기물처리비", L32, 0) -> 0 | Y32: =IF(P32="가설비", J32, 0) -> 0 | Z32: =IF(P32="잡비제외분", F32, 0) -> 0 | AA32: =IF(P32="사급자재대", L32, 0) -> 0 | AB32: =IF(P32="관급자재대", L32, 0) -> 0 | AC32: =IF(P32="관급자관급", L32, 0) -> 0 | AD32: =IF(P32="품질시험비", L32, 0) -> 0 | AE32: =IF(P32="수도광열비", L32, 0) -> 0 | AF32: =IF(P32="공기중석면농도측정비", L32, 0) -> 0 | AG32: =IF(P32="사용자항목5", L32, 0) -> 0 | AH32: =IF(P32="사용자항목6", L32, 0) -> 0 | AI32: =IF(P32="사용자항목7", L32, 0) -> 0 | AJ32: =IF(P32="관급자재대2", L32, 0) -> 0 | AK32: =IF(P32="작업부산물", L32, 0) -> 0 | AL32: =IF(P32="해체계획비및검토비", L32, 0) -> 0 | AM32: =IF(P32="사용자항목11", L32, 0) -> 0 | AN32: =IF(P32="사용자항목12", L32, 0) -> 0 | AO32: =IF(P32="사용자항목13", L32, 0) -> 0 | AP32: =IF(P32="사용자항목14", L32, 0) -> 0 | AQ32: =IF(P32="사용자항목15", L32, 0) -> 0 | AR32: =IF(P32="사용자항목16", L32, 0) -> 0 | AS32: =IF(P32="사용자항목17", L32, 0) -> 0 | AT32: =IF(P32="사용자항목18", L32, 0) -> 0 | AU32: =IF(P32="사용자항목19", L32, 0) -> 0 | AY32: KDJ
A33: 플로어힌지(강화유리문) 설치 | B33: 105kg | C33: 개소 | D33: 2 | M33: 일위 11호 | O33: ="" | P33: 기계경비 | Q33: 1 | R33: =IF(P33="기계경비", J33, 0) -> 0 | S33: =IF(P33="운반비", L33, 0) -> 0 | T33: =IF(P33="작업부산물", F33, 0) -> 0 | U33: =IF(P33="관급", F33, 0) -> 0 | V33: =IF(P33="외주비", J33, 0) -> 0 | W33: =IF(P33="장비비", J33, 0) -> 0 | X33: =IF(P33="폐기물처리비", L33, 0) -> 0 | Y33: =IF(P33="가설비", J33, 0) -> 0 | Z33: =IF(P33="잡비제외분", F33, 0) -> 0 | AA33: =IF(P33="사급자재대", L33, 0) -> 0 | AB33: =IF(P33="관급자재대", L33, 0) -> 0 | AC33: =IF(P33="관급자관급", L33, 0) -> 0 | AD33: =IF(P33="품질시험비", L33, 0) -> 0 | AE33: =IF(P33="수도광열비", L33, 0) -> 0 | AF33: =IF(P33="공기중석면농도측정비", L33, 0) -> 0 | AG33: =IF(P33="사용자항목5", L33, 0) -> 0 | AH33: =IF(P33="사용자항목6", L33, 0) -> 0 | AI33: =IF(P33="사용자항목7", L33, 0) -> 0 | AJ33: =IF(P33="관급자재대2", L33, 0) -> 0 | AK33: =IF(P33="작업부산물", L33, 0) -> 0 | AL33: =IF(P33="해체계획비및검토비", L33, 0) -> 0 | AM33: =IF(P33="사용자항목11", L33, 0) -> 0 | AN33: =IF(P33="사용자항목12", L33, 0) -> 0 | AO33: =IF(P33="사용자항목13", L33, 0) -> 0 | AP33: =IF(P33="사용자항목14", L33, 0) -> 0 | AQ33: =IF(P33="사용자항목15", L33, 0) -> 0 | AR33: =IF(P33="사용자항목16", L33, 0) -> 0 | AS33: =IF(P33="사용자항목17", L33, 0) -> 0 | AT33: =IF(P33="사용자항목18", L33, 0) -> 0 | AU33: =IF(P33="사용자항목19", L33, 0) -> 0
A34: 강화유리문틀 | B34: 도어부자재, 스텐손잡이 | C34: EA | D34: 2 | O34: ="01" -> 01 | P34: 기계경비 | Q34: 1 | R34: =IF(P34="기계경비", J34, 0) -> 0 | S34: =IF(P34="운반비", L34, 0) -> 0 | T34: =IF(P34="작업부산물", F34, 0) -> 0 | U34: =IF(P34="관급", F34, 0) -> 0 | V34: =IF(P34="외주비", J34, 0) -> 0 | W34: =IF(P34="장비비", J34, 0) -> 0 | X34: =IF(P34="폐기물처리비", L34, 0) -> 0 | Y34: =IF(P34="가설비", J34, 0) -> 0 | Z34: =IF(P34="잡비제외분", F34, 0) -> 0 | AA34: =IF(P34="사급자재대", L34, 0) -> 0 | AB34: =IF(P34="관급자재대", L34, 0) -> 0 | AC34: =IF(P34="관급자관급", L34, 0) -> 0 | AD34: =IF(P34="품질시험비", L34, 0) -> 0 | AE34: =IF(P34="수도광열비", L34, 0) -> 0 | AF34: =IF(P34="공기중석면농도측정비", L34, 0) -> 0 | AG34: =IF(P34="사용자항목5", L34, 0) -> 0 | AH34: =IF(P34="사용자항목6", L34, 0) -> 0 | AI34: =IF(P34="사용자항목7", L34, 0) -> 0 | AJ34: =IF(P34="관급자재대2", L34, 0) -> 0 | AK34: =IF(P34="작업부산물", L34, 0) -> 0 | AL34: =IF(P34="해체계획비및검토비", L34, 0) -> 0 | AM34: =IF(P34="사용자항목11", L34, 0) -> 0 | AN34: =IF(P34="사용자항목12", L34, 0) -> 0 | AO34: =IF(P34="사용자항목13", L34, 0) -> 0 | AP34: =IF(P34="사용자항목14", L34, 0) -> 0 | AQ34: =IF(P34="사용자항목15", L34, 0) -> 0 | AR34: =IF(P34="사용자항목16", L34, 0) -> 0 | AS34: =IF(P34="사용자항목17", L34, 0) -> 0 | AT34: =IF(P34="사용자항목18", L34, 0) -> 0 | AU34: =IF(P34="사용자항목19", L34, 0) -> 0
A35: 디지털도어록 설치 | B35: 터치패드번호+카드+비상키 | C35: 개소 | D35: 1 | M35: 일위 12호 | O35: ="" | P35: 기계경비 | Q35: 1 | R35: =IF(P35="기계경비", J35, 0) -> 0 | S35: =IF(P35="운반비", L35, 0) -> 0 | T35: =IF(P35="작업부산물", F35, 0) -> 0 | U35: =IF(P35="관급", F35, 0) -> 0 | V35: =IF(P35="외주비", J35, 0) -> 0 | W35: =IF(P35="장비비", J35, 0) -> 0 | X35: =IF(P35="폐기물처리비", L35, 0) -> 0 | Y35: =IF(P35="가설비", J35, 0) -> 0 | Z35: =IF(P35="잡비제외분", F35, 0) -> 0 | AA35: =IF(P35="사급자재대", L35, 0) -> 0 | AB35: =IF(P35="관급자재대", L35, 0) -> 0 | AC35: =IF(P35="관급자관급", L35, 0) -> 0 | AD35: =IF(P35="품질시험비", L35, 0) -> 0 | AE35: =IF(P35="수도광열비", L35, 0) -> 0 | AF35: =IF(P35="공기중석면농도측정비", L35, 0) -> 0 | AG35: =IF(P35="사용자항목5", L35, 0) -> 0 | AH35: =IF(P35="사용자항목6", L35, 0) -> 0 | AI35: =IF(P35="사용자항목7", L35, 0) -> 0 | AJ35: =IF(P35="관급자재대2", L35, 0) -> 0 | AK35: =IF(P35="작업부산물", L35, 0) -> 0 | AL35: =IF(P35="해체계획비및검토비", L35, 0) -> 0 | AM35: =IF(P35="사용자항목11", L35, 0) -> 0 | AN35: =IF(P35="사용자항목12", L35, 0) -> 0 | AO35: =IF(P35="사용자항목13", L35, 0) -> 0 | AP35: =IF(P35="사용자항목14", L35, 0) -> 0 | AQ35: =IF(P35="사용자항목15", L35, 0) -> 0 | AR35: =IF(P35="사용자항목16", L35, 0) -> 0 | AS35: =IF(P35="사용자항목17", L35, 0) -> 0 | AT35: =IF(P35="사용자항목18", L35, 0) -> 0 | AU35: =IF(P35="사용자항목19", L35, 0) -> 0 | AY35: KDJ
A36: 스텐레스재료분리대 | B36: 바닥, W30×H20×1.5t | C36: m | D36: 1.7 | M36: 일위 13호 | O36: ="" | P36: 기계경비 | Q36: 1 | R36: =IF(P36="기계경비", J36, 0) -> 0 | S36: =IF(P36="운반비", L36, 0) -> 0 | T36: =IF(P36="작업부산물", F36, 0) -> 0 | U36: =IF(P36="관급", F36, 0) -> 0 | V36: =IF(P36="외주비", J36, 0) -> 0 | W36: =IF(P36="장비비", J36, 0) -> 0 | X36: =IF(P36="폐기물처리비", L36, 0) -> 0 | Y36: =IF(P36="가설비", J36, 0) -> 0 | Z36: =IF(P36="잡비제외분", F36, 0) -> 0 | AA36: =IF(P36="사급자재대", L36, 0) -> 0 | AB36: =IF(P36="관급자재대", L36, 0) -> 0 | AC36: =IF(P36="관급자관급", L36, 0) -> 0 | AD36: =IF(P36="품질시험비", L36, 0) -> 0 | AE36: =IF(P36="수도광열비", L36, 0) -> 0 | AF36: =IF(P36="공기중석면농도측정비", L36, 0) -> 0 | AG36: =IF(P36="사용자항목5", L36, 0) -> 0 | AH36: =IF(P36="사용자항목6", L36, 0) -> 0 | AI36: =IF(P36="사용자항목7", L36, 0) -> 0 | AJ36: =IF(P36="관급자재대2", L36, 0) -> 0 | AK36: =IF(P36="작업부산물", L36, 0) -> 0 | AL36: =IF(P36="해체계획비및검토비", L36, 0) -> 0 | AM36: =IF(P36="사용자항목11", L36, 0) -> 0 | AN36: =IF(P36="사용자항목12", L36, 0) -> 0 | AO36: =IF(P36="사용자항목13", L36, 0) -> 0 | AP36: =IF(P36="사용자항목14", L36, 0) -> 0 | AQ36: =IF(P36="사용자항목15", L36, 0) -> 0 | AR36: =IF(P36="사용자항목16", L36, 0) -> 0 | AS36: =IF(P36="사용자항목17", L36, 0) -> 0 | AT36: =IF(P36="사용자항목18", L36, 0) -> 0 | AU36: =IF(P36="사용자항목19", L36, 0) -> 0
A37: 수밀코킹(실리콘) | B37: 삼각, 10mm, 창호주위 | C37: M | D37: 22 | M37: 일위 14호 | O37: ="" | P37: 기계경비 | Q37: 1 | R37: =IF(P37="기계경비", J37, 0) -> 0 | S37: =IF(P37="운반비", L37, 0) -> 0 | T37: =IF(P37="작업부산물", F37, 0) -> 0 | U37: =IF(P37="관급", F37, 0) -> 0 | V37: =IF(P37="외주비", J37, 0) -> 0 | W37: =IF(P37="장비비", J37, 0) -> 0 | X37: =IF(P37="폐기물처리비", L37, 0) -> 0 | Y37: =IF(P37="가설비", J37, 0) -> 0 | Z37: =IF(P37="잡비제외분", F37, 0) -> 0 | AA37: =IF(P37="사급자재대", L37, 0) -> 0 | AB37: =IF(P37="관급자재대", L37, 0) -> 0 | AC37: =IF(P37="관급자관급", L37, 0) -> 0 | AD37: =IF(P37="품질시험비", L37, 0) -> 0 | AE37: =IF(P37="수도광열비", L37, 0) -> 0 | AF37: =IF(P37="공기중석면농도측정비", L37, 0) -> 0 | AG37: =IF(P37="사용자항목5", L37, 0) -> 0 | AH37: =IF(P37="사용자항목6", L37, 0) -> 0 | AI37: =IF(P37="사용자항목7", L37, 0) -> 0 | AJ37: =IF(P37="관급자재대2", L37, 0) -> 0 | AK37: =IF(P37="작업부산물", L37, 0) -> 0 | AL37: =IF(P37="해체계획비및검토비", L37, 0) -> 0 | AM37: =IF(P37="사용자항목11", L37, 0) -> 0 | AN37: =IF(P37="사용자항목12", L37, 0) -> 0 | AO37: =IF(P37="사용자항목13", L37, 0) -> 0 | AP37: =IF(P37="사용자항목14", L37, 0) -> 0 | AQ37: =IF(P37="사용자항목15", L37, 0) -> 0 | AR37: =IF(P37="사용자항목16", L37, 0) -> 0 | AS37: =IF(P37="사용자항목17", L37, 0) -> 0 | AT37: =IF(P37="사용자항목18", L37, 0) -> 0 | AU37: =IF(P37="사용자항목19", L37, 0) -> 0
A38: 창호주위 모르타르 충전 | C38: M | D38: 11 | M38: 일위 15호 | O38: ="" | P38: 기계경비 | Q38: 1 | R38: =IF(P38="기계경비", J38, 0) -> 0 | S38: =IF(P38="운반비", L38, 0) -> 0 | T38: =IF(P38="작업부산물", F38, 0) -> 0 | U38: =IF(P38="관급", F38, 0) -> 0 | V38: =IF(P38="외주비", J38, 0) -> 0 | W38: =IF(P38="장비비", J38, 0) -> 0 | X38: =IF(P38="폐기물처리비", L38, 0) -> 0 | Y38: =IF(P38="가설비", J38, 0) -> 0 | Z38: =IF(P38="잡비제외분", F38, 0) -> 0 | AA38: =IF(P38="사급자재대", L38, 0) -> 0 | AB38: =IF(P38="관급자재대", L38, 0) -> 0 | AC38: =IF(P38="관급자관급", L38, 0) -> 0 | AD38: =IF(P38="품질시험비", L38, 0) -> 0 | AE38: =IF(P38="수도광열비", L38, 0) -> 0 | AF38: =IF(P38="공기중석면농도측정비", L38, 0) -> 0 | AG38: =IF(P38="사용자항목5", L38, 0) -> 0 | AH38: =IF(P38="사용자항목6", L38, 0) -> 0 | AI38: =IF(P38="사용자항목7", L38, 0) -> 0 | AJ38: =IF(P38="관급자재대2", L38, 0) -> 0 | AK38: =IF(P38="작업부산물", L38, 0) -> 0 | AL38: =IF(P38="해체계획비및검토비", L38, 0) -> 0 | AM38: =IF(P38="사용자항목11", L38, 0) -> 0 | AN38: =IF(P38="사용자항목12", L38, 0) -> 0 | AO38: =IF(P38="사용자항목13", L38, 0) -> 0 | AP38: =IF(P38="사용자항목14", L38, 0) -> 0 | AQ38: =IF(P38="사용자항목15", L38, 0) -> 0 | AR38: =IF(P38="사용자항목16", L38, 0) -> 0 | AS38: =IF(P38="사용자항목17", L38, 0) -> 0 | AT38: =IF(P38="사용자항목18", L38, 0) -> 0 | AU38: =IF(P38="사용자항목19", L38, 0) -> 0
A48: 합 계 | F48: =ROUNDDOWN(SUMIF(Q28:Q47, "1", F28:F47), 0) -> 0 | H48: =ROUNDDOWN(SUMIF(Q28:Q47, "1", H28:H47), 0) -> 0 | J48: =ROUNDDOWN(SUMIF(Q28:Q47, "1", J28:J47), 0) -> 0 | L48: =F48+H48+J48 -> 0 | R48: =ROUNDDOWN(SUM(R28:R38), 0) -> 0 | S48: =ROUNDDOWN(SUM(S28:S38), 0) -> 0 | T48: =ROUNDDOWN(SUM(T28:T38), 0) -> 0 | U48: =ROUNDDOWN(SUM(U28:U38), 0) -> 0 | V48: =ROUNDDOWN(SUM(V28:V38), 0) -> 0 | W48: =ROUNDDOWN(SUM(W28:W38), 0) -> 0 | X48: =ROUNDDOWN(SUM(X28:X38), 0) -> 0 | Y48: =ROUNDDOWN(SUM(Y28:Y38), 0) -> 0 | ... AY48: =ROUNDDOWN(SUM(AY28:AY38), 0) -> 0
A49: 1. 건축공사 > 3. 철거공사
A50: 목재창호철거 | C50: M2 | D50: 20.9 | M50: 일위 16호 | O50: ="" | P50: 기계경비 | Q50: 1 | R50: =IF(P50="기계경비", J50, 0) -> 0 | S50: =IF(P50="운반비", L50, 0) -> 0 | T50: =IF(P50="작업부산물", F50, 0) -> 0 | U50: =IF(P50="관급", F50, 0) -> 0 | V50: =IF(P50="외주비", J50, 0) -> 0 | W50: =IF(P50="장비비", J50, 0) -> 0 | X50: =IF(P50="폐기물처리비", L50, 0) -> 0 | Y50: =IF(P50="가설비", J50, 0) -> 0 | Z50: =IF(P50="잡비제외분", F50, 0) -> 0 | AA50: =IF(P50="사급자재대", L50, 0) -> 0 | AB50: =IF(P50="관급자재대", L50, 0) -> 0 | AC50: =IF(P50="관급자관급", L50, 0) -> 0 | AD50: =IF(P50="품질시험비", L50, 0) -> 0 | AE50: =IF(P50="수도광열비", L50, 0) -> 0 | AF50: =IF(P50="공기중석면농도측정비", L50, 0) -> 0 | AG50: =IF(P50="사용자항목5", L50, 0) -> 0 | AH50: =IF(P50="사용자항목6", L50, 0) -> 0 | AI50: =IF(P50="사용자항목7", L50, 0) -> 0 | AJ50: =IF(P50="관급자재대2", L50, 0) -> 0 | AK50: =IF(P50="작업부산물", L50, 0) -> 0 | AL50: =IF(P50="해체계획비및검토비", L50, 0) -> 0 | AM50: =IF(P50="사용자항목11", L50, 0) -> 0 | AN50: =IF(P50="사용자항목12", L50, 0) -> 0 | AO50: =IF(P50="사용자항목13", L50, 0) -> 0 | AP50: =IF(P50="사용자항목14", L50, 0) -> 0 | AQ50: =IF(P50="사용자항목15", L50, 0) -> 0 | AR50: =IF(P50="사용자항목16", L50, 0) -> 0 | AS50: =IF(P50="사용자항목17", L50, 0) -> 0 | AT50: =IF(P50="사용자항목18", L50, 0) -> 0 | AU50: =IF(P50="사용자항목19", L50, 0) -> 0
A51: 프라스틱 창 철거 | C51: M2 | D51: 1.8 | M51: 일위 17호 | O51: ="" | P51: 기계경비 | Q51: 1 | R51: =IF(P51="기계경비", J51, 0) -> 0 | S51: =IF(P51="운반비", L51, 0) -> 0 | T51: =IF(P51="작업부산물", F51, 0) -> 0 | U51: =IF(P51="관급", F51, 0) -> 0 | V51: =IF(P51="외주비", J51, 0) -> 0 | W51: =IF(P51="장비비", J51, 0) -> 0 | X51: =IF(P51="폐기물처리비", L51, 0) -> 0 | Y51: =IF(P51="가설비", J51, 0) -> 0 | Z51: =IF(P51="잡비제외분", F51, 0) -> 0 | AA51: =IF(P51="사급자재대", L51, 0) -> 0 | AB51: =IF(P51="관급자재대", L51, 0) -> 0 | AC51: =IF(P51="관급자관급", L51, 0) -> 0 | AD51: =IF(P51="품질시험비", L51, 0) -> 0 | AE51: =IF(P51="수도광열비", L51, 0) -> 0 | AF51: =IF(P51="공기중석면농도측정비", L51, 0) -> 0 | AG51: =IF(P51="사용자항목5", L51, 0) -> 0 | AH51: =IF(P51="사용자항목6", L51, 0) -> 0 | AI51: =IF(P51="사용자항목7", L51, 0) -> 0 | AJ51: =IF(P51="관급자재대2", L51, 0) -> 0 | AK51: =IF(P51="작업부산물", L51, 0) -> 0 | AL51: =IF(P51="해체계획비및검토비", L51, 0) -> 0 | AM51: =IF(P51="사용자항목11", L51, 0) -> 0 | AN51: =IF(P51="사용자항목12", L51, 0) -> 0 | AO51: =IF(P51="사용자항목13", L51, 0) -> 0 | AP51: =IF(P51="사용자항목14", L51, 0) -> 0 | AQ51: =IF(P51="사용자항목15", L51, 0) -> 0 | AR51: =IF(P51="사용자항목16", L51, 0) -> 0 | AS51: =IF(P51="사용자항목17", L51, 0) -> 0 | AT51: =IF(P51="사용자항목18", L51, 0) -> 0 | AU51: =IF(P51="사용자항목19", L51, 0) -> 0
A52: 콘크리트 절단(Wheel Saw) | B52: t=300mm이하 | C52: m | D52: 17.3 | M52: 일위 18호 | O52: ="" | P52: 기계경비 | Q52: 1 | R52: =IF(P52="기계경비", J52, 0) -> 0 | S52: =IF(P52="운반비", L52, 0) -> 0 | T52: =IF(P52="작업부산물", F52, 0) -> 0 | U52: =IF(P52="관급", F52, 0) -> 0 | V52: =IF(P52="외주비", J52, 0) -> 0 | W52: =IF(P52="장비비", J52, 0) -> 0 | X52: =IF(P52="폐기물처리비", L52, 0) -> 0 | Y52: =IF(P52="가설비", J52, 0) -> 0 | Z52: =IF(P52="잡비제외분", F52, 0) -> 0 | AA52: =IF(P52="사급자재대", L52, 0) -> 0 | AB52: =IF(P52="관급자재대", L52, 0) -> 0 | AC52: =IF(P52="관급자관급", L52, 0) -> 0 | AD52: =IF(P52="품질시험비", L52, 0) -> 0 | AE52: =IF(P52="수도광열비", L52, 0) -> 0 | AF52: =IF(P52="공기중석면농도측정비", L52, 0) -> 0 | AG52: =IF(P52="사용자항목5", L52, 0) -> 0 | AH52: =IF(P52="사용자항목6", L52, 0) -> 0 | AI52: =IF(P52="사용자항목7", L52, 0) -> 0 | AJ52: =IF(P52="관급자재대2", L52, 0) -> 0 | AK52: =IF(P52="작업부산물", L52, 0) -> 0 | AL52: =IF(P52="해체계획비및검토비", L52, 0) -> 0 | AM52: =IF(P52="사용자항목11", L52, 0) -> 0 | AN52: =IF(P52="사용자항목12", L52, 0) -> 0 | AO52: =IF(P52="사용자항목13", L52, 0) -> 0 | AP52: =IF(P52="사용자항목14", L52, 0) -> 0 | AQ52: =IF(P52="사용자항목15", L52, 0) -> 0 | AR52: =IF(P52="사용자항목16", L52, 0) -> 0 | AS52: =IF(P52="사용자항목17", L52, 0) -> 0 | AT52: =IF(P52="사용자항목18", L52, 0) -> 0 | AU52: =IF(P52="사용자항목19", L52, 0) -> 0 | AY52: 시장시공가격
A53: 콘크리트구조물 헐기(소형장비) | B53: 소형브레이커(전기식), 철근, 2.3m3/일당 | C53: M3 | D53: 0.3 | M53: 일위 19호 | O53: ="" | P53: 기계경비 | Q53: 1 | R53: =IF(P53="기계경비", J53, 0) -> 0 | S53: =IF(P53="운반비", L53, 0) -> 0 | T53: =IF(P53="작업부산물", F53, 0) -> 0 | U53: =IF(P53="관급", F53, 0) -> 0 | V53: =IF(P53="외주비", J53, 0) -> 0 | W53: =IF(P53="장비비", J53, 0) -> 0 | X53: =IF(P53="폐기물처리비", L53, 0) -> 0 | Y53: =IF(P53="가설비", J53, 0) -> 0 | Z53: =IF(P53="잡비제외분", F53, 0) -> 0 | AA53: =IF(P53="사급자재대", L53, 0) -> 0 | AB53: =IF(P53="관급자재대", L53, 0) -> 0 | AC53: =IF(P53="관급자관급", L53, 0) -> 0 | AD53: =IF(P53="품질시험비", L53, 0) -> 0 | AE53: =IF(P53="수도광열비", L53, 0) -> 0 | AF53: =IF(P53="공기중석면농도측정비", L53, 0) -> 0 | AG53: =IF(P53="사용자항목5", L53, 0) -> 0 | AH53: =IF(P53="사용자항목6", L53, 0) -> 0 | AI53: =IF(P53="사용자항목7", L53, 0) -> 0 | AJ53: =IF(P53="관급자재대2", L53, 0) -> 0 | AK53: =IF(P53="작업부산물", L53, 0) -> 0 | AL53: =IF(P53="해체계획비및검토비", L53, 0) -> 0 | AM53: =IF(P53="사용자항목11", L53, 0) -> 0 | AN53: =IF(P53="사용자항목12", L53, 0) -> 0 | AO53: =IF(P53="사용자항목13", L53, 0) -> 0 | AP53: =IF(P53="사용자항목14", L53, 0) -> 0 | AQ53: =IF(P53="사용자항목15", L53, 0) -> 0 | AR53: =IF(P53="사용자항목16", L53, 0) -> 0 | AS53: =IF(P53="사용자항목17", L53, 0) -> 0 | AT53: =IF(P53="사용자항목18", L53, 0) -> 0 | AU53: =IF(P53="사용자항목19", L53, 0) -> 0
A54: 벽돌벽 절단 | B54: W6∼12mm | C54: M | D54: 40 | M54: 일위 20호 | O54: ="" | P54: 기계경비 | Q54: 1 | R54: =IF(P54="기계경비", J54, 0) -> 0 | S54: =IF(P54="운반비", L54, 0) -> 0 | T54: =IF(P54="작업부산물", F54, 0) -> 0 | U54: =IF(P54="관급", F54, 0) -> 0 | V54: =IF(P54="외주비", J54, 0) -> 0 | W54: =IF(P54="장비비", J54, 0) -> 0 | X54: =IF(P54="폐기물처리비", L54, 0) -> 0 | Y54: =IF(P54="가설비", J54, 0) -> 0 | Z54: =IF(P54="잡비제외분", F54, 0) -> 0 | AA54: =IF(P54="사급자재대", L54, 0) -> 0 | AB54: =IF(P54="관급자재대", L54, 0) -> 0 | AC54: =IF(P54="관급자관급", L54, 0) -> 0 | AD54: =IF(P54="품질시험비", L54, 0) -> 0 | AE54: =IF(P54="수도광열비", L54, 0) -> 0 | AF54: =IF(P54="공기중석면농도측정비", L54, 0) -> 0 | AG54: =IF(P54="사용자항목5", L54, 0) -> 0 | AH54: =IF(P54="사용자항목6", L54, 0) -> 0 | AI54: =IF(P54="사용자항목7", L54, 0) -> 0 | AJ54: =IF(P54="관급자재대2", L54, 0) -> 0 | AK54: =IF(P54="작업부산물", L54, 0) -> 0 | AL54: =IF(P54="해체계획비및검토비", L54, 0) -> 0 | AM54: =IF(P54="사용자항목11", L54, 0) -> 0 | AN54: =IF(P54="사용자항목12", L54, 0) -> 0 | AO54: =IF(P54="사용자항목13", L54, 0) -> 0 | AP54: =IF(P54="사용자항목14", L54, 0) -> 0 | AQ54: =IF(P54="사용자항목15", L54, 0) -> 0 | AR54: =IF(P54="사용자항목16", L54, 0) -> 0 | AS54: =IF(P54="사용자항목17", L54, 0) -> 0 | AT54: =IF(P54="사용자항목18", L54, 0) -> 0 | AU54: =IF(P54="사용자항목19", L54, 0) -> 0
A55: 조적벽 해체 | B55: H=3.6m 이하 | C55: M3 | D55: 5.3 | M55: 일위 21호 | O55: ="" | P55: 기계경비 | Q55: 1 | R55: =IF(P55="기계경비", J55, 0) -> 0 | S55: =IF(P55="운반비", L55, 0) -> 0 | T55: =IF(P55="작업부산물", F55, 0) -> 0 | U55: =IF(P55="관급", F55, 0) -> 0 | V55: =IF(P55="외주비", J55, 0) -> 0 | W55: =IF(P55="장비비", J55, 0) -> 0 | X55: =IF(P55="폐기물처리비", L55, 0) -> 0 | Y55: =IF(P55="가설비", J55, 0) -> 0 | Z55: =IF(P55="잡비제외분", F55, 0) -> 0 | AA55: =IF(P55="사급자재대", L55, 0) -> 0 | AB55: =IF(P55="관급자재대", L55, 0) -> 0 | AC55: =IF(P55="관급자관급", L55, 0) -> 0 | AD55: =IF(P55="품질시험비", L55, 0) -> 0 | AE55: =IF(P55="수도광열비", L55, 0) -> 0 | AF55: =IF(P55="공기중석면농도측정비", L55, 0) -> 0 | AG55: =IF(P55="사용자항목5", L55, 0) -> 0 | AH55: =IF(P55="사용자항목6", L55, 0) -> 0 | AI55: =IF(P55="사용자항목7", L55, 0) -> 0 | AJ55: =IF(P55="관급자재대2", L55, 0) -> 0 | AK55: =IF(P55="작업부산물", L55, 0) -> 0 | AL55: =IF(P55="해체계획비및검토비", L55, 0) -> 0 | AM55: =IF(P55="사용자항목11", L55, 0) -> 0 | AN55: =IF(P55="사용자항목12", L55, 0) -> 0 | AO55: =IF(P55="사용자항목13", L55, 0) -> 0 | AP55: =IF(P55="사용자항목14", L55, 0) -> 0 | AQ55: =IF(P55="사용자항목15", L55, 0) -> 0 | AR55: =IF(P55="사용자항목16", L55, 0) -> 0 | AS55: =IF(P55="사용자항목17", L55, 0) -> 0 | AT55: =IF(P55="사용자항목18", L55, 0) -> 0 | AU55: =IF(P55="사용자항목19", L55, 0) -> 0
A56: 화강석 철거 | C56: M2 | D56: 2.9 | M56: 일위 22호 | O56: ="" | P56: 기계경비 | Q56: 1 | R56: =IF(P56="기계경비", J56, 0) -> 0 | S56: =IF(P56="운반비", L56, 0) -> 0 | T56: =IF(P56="작업부산물", F56, 0) -> 0 | U56: =IF(P56="관급", F56, 0) -> 0 | V56: =IF(P56="외주비", J56, 0) -> 0 | W56: =IF(P56="장비비", J56, 0) -> 0 | X56: =IF(P56="폐기물처리비", L56, 0) -> 0 | Y56: =IF(P56="가설비", J56, 0) -> 0 | Z56: =IF(P56="잡비제외분", F56, 0) -> 0 | AA56: =IF(P56="사급자재대", L56, 0) -> 0 | AB56: =IF(P56="관급자재대", L56, 0) -> 0 | AC56: =IF(P56="관급자관급", L56, 0) -> 0 | AD56: =IF(P56="품질시험비", L56, 0) -> 0 | AE56: =IF(P56="수도광열비", L56, 0) -> 0 | AF56: =IF(P56="공기중석면농도측정비", L56, 0) -> 0 | AG56: =IF(P56="사용자항목5", L56, 0) -> 0 | AH56: =IF(P56="사용자항목6", L56, 0) -> 0 | AI56: =IF(P56="사용자항목7", L56, 0) -> 0 | AJ56: =IF(P56="관급자재대2", L56, 0) -> 0 | AK56: =IF(P56="작업부산물", L56, 0) -> 0 | AL56: =IF(P56="해체계획비및검토비", L56, 0) -> 0 | AM56: =IF(P56="사용자항목11", L56, 0) -> 0 | AN56: =IF(P56="사용자항목12", L56, 0) -> 0 | AO56: =IF(P56="사용자항목13", L56, 0) -> 0 | AP56: =IF(P56="사용자항목14", L56, 0) -> 0 | AQ56: =IF(P56="사용자항목15", L56, 0) -> 0 | AR56: =IF(P56="사용자항목16", L56, 0) -> 0 | AS56: =IF(P56="사용자항목17", L56, 0) -> 0 | AT56: =IF(P56="사용자항목18", L56, 0) -> 0 | AU56: =IF(P56="사용자항목19", L56, 0) -> 0
A57: 경량천장철골틀 해체 | C57: M2 | D57: 186.4 | M57: 일위 23호 | O57: ="" | P57: 기계경비 | Q57: 1 | R57: =IF(P57="기계경비", J57, 0) -> 0 | S57: =IF(P57="운반비", L57, 0) -> 0 | T57: =IF(P57="작업부산물", F57, 0) -> 0 | U57: =IF(P57="관급", F57, 0) -> 0 | V57: =IF(P57="외주비", J57, 0) -> 0 | W57: =IF(P57="장비비", J57, 0) -> 0 | X57: =IF(P57="폐기물처리비", L57, 0) -> 0 | Y57: =IF(P57="가설비", J57, 0) -> 0 | Z57: =IF(P57="잡비제외분", F57, 0) -> 0 | AA57: =IF(P57="사급자재대", L57, 0) -> 0 | AB57: =IF(P57="관급자재대", L57, 0) -> 0 | AC57: =IF(P57="관급자관급", L57, 0) -> 0 | AD57: =IF(P57="품질시험비", L57, 0) -> 0 | AE57: =IF(P57="수도광열비", L57, 0) -> 0 | AF57: =IF(P57="공기중석면농도측정비", L57, 0) -> 0 | AG57: =IF(P57="사용자항목5", L57, 0) -> 0 | AH57: =IF(P57="사용자항목6", L57, 0) -> 0 | AI57: =IF(P57="사용자항목7", L57, 0) -> 0 | AJ57: =IF(P57="관급자재대2", L57, 0) -> 0 | AK57: =IF(P57="작업부산물", L57, 0) -> 0 | AL57: =IF(P57="해체계획비및검토비", L57, 0) -> 0 | AM57: =IF(P57="사용자항목11", L57, 0) -> 0 | AN57: =IF(P57="사용자항목12", L57, 0) -> 0 | AO57: =IF(P57="사용자항목13", L57, 0) -> 0 | AP57: =IF(P57="사용자항목14", L57, 0) -> 0 | AQ57: =IF(P57="사용자항목15", L57, 0) -> 0 | AR57: =IF(P57="사용자항목16", L57, 0) -> 0 | AS57: =IF(P57="사용자항목17", L57, 0) -> 0 | AT57: =IF(P57="사용자항목18", L57, 0) -> 0 | AU57: =IF(P57="사용자항목19", L57, 0) -> 0
A58: 흡음텍스 해체 | C58: M2 | D58: 186.4 | M58: 일위 24호 | O58: ="" | P58: 기계경비 | Q58: 1 | R58: =IF(P58="기계경비", J58, 0) -> 0 | S58: =IF(P58="운반비", L58, 0) -> 0 | T58: =IF(P58="작업부산물", F58, 0) -> 0 | U58: =IF(P58="관급", F58, 0) -> 0 | V58: =IF(P58="외주비", J58, 0) -> 0 | W58: =IF(P58="장비비", J58, 0) -> 0 | X58: =IF(P58="폐기물처리비", L58, 0) -> 0 | Y58: =IF(P58="가설비", J58, 0) -> 0 | Z58: =IF(P58="잡비제외분", F58, 0) -> 0 | AA58: =IF(P58="사급자재대", L58, 0) -> 0 | AB58: =IF(P58="관급자재대", L58, 0) -> 0 | AC58: =IF(P58="관급자관급", L58, 0) -> 0 | AD58: =IF(P58="품질시험비", L58, 0) -> 0 | AE58: =IF(P58="수도광열비", L58, 0) -> 0 | AF58: =IF(P58="공기중석면농도측정비", L58, 0) -> 0 | AG58: =IF(P58="사용자항목5", L58, 0) -> 0 | AH58: =IF(P58="사용자항목6", L58, 0) -> 0 | AI58: =IF(P58="사용자항목7", L58, 0) -> 0 | AJ58: =IF(P58="관급자재대2", L58, 0) -> 0 | AK58: =IF(P58="작업부산물", L58, 0) -> 0 | AL58: =IF(P58="해체계획비및검토비", L58, 0) -> 0 | AM58: =IF(P58="사용자항목11", L58, 0) -> 0 | AN58: =IF(P58="사용자항목12", L58, 0) -> 0 | AO58: =IF(P58="사용자항목13", L58, 0) -> 0 | AP58: =IF(P58="사용자항목14", L58, 0) -> 0 | AQ58: =IF(P58="사용자항목15", L58, 0) -> 0 | AR58: =IF(P58="사용자항목16", L58, 0) -> 0 | AS58: =IF(P58="사용자항목17", L58, 0) -> 0 | AT58: =IF(P58="사용자항목18", L58, 0) -> 0 | AU58: =IF(P58="사용자항목19", L58, 0) -> 0
A59: 칸막이벽 절단 | C59: M | D59: 20 | M59: 일위 25호 | O59: ="" | P59: 기계경비 | Q59: 1 | R59: =IF(P59="기계경비", J59, 0) -> 0 | S59: =IF(P59="운반비", L59, 0) -> 0 | T59: =IF(P59="작업부산물", F59, 0) -> 0 | U59: =IF(P59="관급", F59, 0) -> 0 | V59: =IF(P59="외주비", J59, 0) -> 0 | W59: =IF(P59="장비비", J59, 0) -> 0 | X59: =IF(P59="폐기물처리비", L59, 0) -> 0 | Y59: =IF(P59="가설비", J59, 0) -> 0 | Z59: =IF(P59="잡비제외분", F59, 0) -> 0 | AA59: =IF(P59="사급자재대", L59, 0) -> 0 | AB59: =IF(P59="관급자재대", L59, 0) -> 0 | AC59: =IF(P59="관급자관급", L59, 0) -> 0 | AD59: =IF(P59="품질시험비", L59, 0) -> 0 | AE59: =IF(P59="수도광열비", L59, 0) -> 0 | AF59: =IF(P59="공기중석면농도측정비", L59, 0) -> 0 | AG59: =IF(P59="사용자항목5", L59, 0) -> 0 | AH59: =IF(P59="사용자항목6", L59, 0) -> 0 | AI59: =IF(P59="사용자항목7", L59, 0) -> 0 | AJ59: =IF(P59="관급자재대2", L59, 0) -> 0 | AK59: =IF(P59="작업부산물", L59, 0) -> 0 | AL59: =IF(P59="해체계획비및검토비", L59, 0) -> 0 | AM59: =IF(P59="사용자항목11", L59, 0) -> 0 | AN59: =IF(P59="사용자항목12", L59, 0) -> 0 | AO59: =IF(P59="사용자항목13", L59, 0) -> 0 | AP59: =IF(P59="사용자항목14", L59, 0) -> 0 | AQ59: =IF(P59="사용자항목15", L59, 0) -> 0 | AR59: =IF(P59="사용자항목16", L59, 0) -> 0 | AS59: =IF(P59="사용자항목17", L59, 0) -> 0 | AT59: =IF(P59="사용자항목18", L59, 0) -> 0 | AU59: =IF(P59="사용자항목19", L59, 0) -> 0
A60: 샌드위치판넬 철거 | C60: M2 | D60: 21.6 | M60: 일위 26호 | O60: ="" | P60: 기계경비 | Q60: 1 | R60: =IF(P60="기계경비", J60, 0) -> 0 | S60: =IF(P60="운반비", L60, 0) -> 0 | T60: =IF(P60="작업부산물", F60, 0) -> 0 | U60: =IF(P60="관급", F60, 0) -> 0 | V60: =IF(P60="외주비", J60, 0) -> 0 | W60: =IF(P60="장비비", J60, 0) -> 0 | X60: =IF(P60="폐기물처리비", L60, 0) -> 0 | Y60: =IF(P60="가설비", J60, 0) -> 0 | Z60: =IF(P60="잡비제외분", F60, 0) -> 0 | AA60: =IF(P60="사급자재대", L60, 0) -> 0 | AB60: =IF(P60="관급자재대", L60, 0) -> 0 | AC60: =IF(P60="관급자관급", L60, 0) -> 0 | AD60: =IF(P60="품질시험비", L60, 0) -> 0 | AE60: =IF(P60="수도광열비", L60, 0) -> 0 | AF60: =IF(P60="공기중석면농도측정비", L60, 0) -> 0 | AG60: =IF(P60="사용자항목5", L60, 0) -> 0 | AH60: =IF(P60="사용자항목6", L60, 0) -> 0 | AI60: =IF(P60="사용자항목7", L60, 0) -> 0 | AJ60: =IF(P60="관급자재대2", L60, 0) -> 0 | AK60: =IF(P60="작업부산물", L60, 0) -> 0 | AL60: =IF(P60="해체계획비및검토비", L60, 0) -> 0 | AM60: =IF(P60="사용자항목11", L60, 0) -> 0 | AN60: =IF(P60="사용자항목12", L60, 0) -> 0 | AO60: =IF(P60="사용자항목13", L60, 0) -> 0 | AP60: =IF(P60="사용자항목14", L60, 0) -> 0 | AQ60: =IF(P60="사용자항목15", L60, 0) -> 0 | AR60: =IF(P60="사용자항목16", L60, 0) -> 0 | AS60: =IF(P60="사용자항목17", L60, 0) -> 0 | AT60: =IF(P60="사용자항목18", L60, 0) -> 0 | AU60: =IF(P60="사용자항목19", L60, 0) -> 0
A61: 샌드위치판넬 강판/단열재분리 | C61: M2 | D61: 21.6 | M61: 일위 27호 | O61: ="" | P61: 기계경비 | Q61: 1 | R61: =IF(P61="기계경비", J61, 0) -> 0 | S61: =IF(P61="운반비", L61, 0) -> 0 | T61: =IF(P61="작업부산물", F61, 0) -> 0 | U61: =IF(P61="관급", F61, 0) -> 0 | V61: =IF(P61="외주비", J61, 0) -> 0 | W61: =IF(P61="장비비", J61, 0) -> 0 | X61: =IF(P61="폐기물처리비", L61, 0) -> 0 | Y61: =IF(P61="가설비", J61, 0) -> 0 | Z61: =IF(P61="잡비제외분", F61, 0) -> 0 | AA61: =IF(P61="사급자재대", L61, 0) -> 0 | AB61: =IF(P61="관급자재대", L61, 0) -> 0 | AC61: =IF(P61="관급자관급", L61, 0) -> 0 | AD61: =IF(P61="품질시험비", L61, 0) -> 0 | AE61: =IF(P61="수도광열비", L61, 0) -> 0 | AF61: =IF(P61="공기중석면농도측정비", L61, 0) -> 0 | AG61: =IF(P61="사용자항목5", L61, 0) -> 0 | AH61: =IF(P61="사용자항목6", L61, 0) -> 0 | AI61: =IF(P61="사용자항목7", L61, 0) -> 0 | AJ61: =IF(P61="관급자재대2", L61, 0) -> 0 | AK61: =IF(P61="작업부산물", L61, 0) -> 0 | AL61: =IF(P61="해체계획비및검토비", L61, 0) -> 0 | AM61: =IF(P61="사용자항목11", L61, 0) -> 0 | AN61: =IF(P61="사용자항목12", L61, 0) -> 0 | AO61: =IF(P61="사용자항목13", L61, 0) -> 0 | AP61: =IF(P61="사용자항목14", L61, 0) -> 0 | AQ61: =IF(P61="사용자항목15", L61, 0) -> 0 | AR61: =IF(P61="사용자항목16", L61, 0) -> 0 | AS61: =IF(P61="사용자항목17", L61, 0) -> 0 | AT61: =IF(P61="사용자항목18", L61, 0) -> 0 | AU61: =IF(P61="사용자항목19", L61, 0) -> 0
A62: 건설폐재류 상차비 | C62: TON | D62: 9.427 | O62: ="03" -> 03 | P62: 기계경비 | Q62: 1 | R62: =IF(P62="기계경비", J62, 0) -> 0 | S62: =IF(P62="운반비", L62, 0) -> 0 | T62: =IF(P62="작업부산물", F62, 0) -> 0 | U62: =IF(P62="관급", F62, 0) -> 0 | V62: =IF(P62="외주비", J62, 0) -> 0 | W62: =IF(P62="장비비", J62, 0) -> 0 | X62: =IF(P62="폐기물처리비", L62, 0) -> 0 | Y62: =IF(P62="가설비", J62, 0) -> 0 | Z62: =IF(P62="잡비제외분", F62, 0) -> 0 | AA62: =IF(P62="사급자재대", L62, 0) -> 0 | AB62: =IF(P62="관급자재대", L62, 0) -> 0 | AC62: =IF(P62="관급자관급", L62, 0) -> 0 | AD62: =IF(P62="품질시험비", L62, 0) -> 0 | AE62: =IF(P62="수도광열비", L62, 0) -> 0 | AF62: =IF(P62="공기중석면농도측정비", L62, 0) -> 0 | AG62: =IF(P62="사용자항목5", L62, 0) -> 0 | AH62: =IF(P62="사용자항목6", L62, 0) -> 0 | AI62: =IF(P62="사용자항목7", L62, 0) -> 0 | AJ62: =IF(P62="관급자재대2", L62, 0) -> 0 | AK62: =IF(P62="작업부산물", L62, 0) -> 0 | AL62: =IF(P62="해체계획비및검토비", L62, 0) -> 0 | AM62: =IF(P62="사용자항목11", L62, 0) -> 0 | AN62: =IF(P62="사용자항목12", L62, 0) -> 0 | AO62: =IF(P62="사용자항목13", L62, 0) -> 0 | AP62: =IF(P62="사용자항목14", L62, 0) -> 0 | AQ62: =IF(P62="사용자항목15", L62, 0) -> 0 | AR62: =IF(P62="사용자항목16", L62, 0) -> 0 | AS62: =IF(P62="사용자항목17", L62, 0) -> 0 | AT62: =IF(P62="사용자항목18", L62, 0) -> 0 | AU62: =IF(P62="사용자항목19", L62, 0) -> 0
A63: 혼합건설폐기물 상차비 | B63: (매립지반입대상 폐기물 포함) | C63: TON | D63: 2.507 | O63: ="03" -> 03 | P63: 기계경비 | Q63: 1 | R63: =IF(P63="기계경비", J63, 0) -> 0 | S63: =IF(P63="운반비", L63, 0) -> 0 | T63: =IF(P63="작업부산물", F63, 0) -> 0 | U63: =IF(P63="관급", F63, 0) -> 0 | V63: =IF(P63="외주비", J63, 0) -> 0 | W63: =IF(P63="장비비", J63, 0) -> 0 | X63: =IF(P63="폐기물처리비", L63, 0) -> 0 | Y63: =IF(P63="가설비", J63, 0) -> 0 | Z63: =IF(P63="잡비제외분", F63, 0) -> 0 | AA63: =IF(P63="사급자재대", L63, 0) -> 0 | AB63: =IF(P63="관급자재대", L63, 0) -> 0 | AC63: =IF(P63="관급자관급", L63, 0) -> 0 | AD63: =IF(P63="품질시험비", L63, 0) -> 0 | AE63: =IF(P63="수도광열비", L63, 0) -> 0 | AF63: =IF(P63="공기중석면농도측정비", L63, 0) -> 0 | AG63: =IF(P63="사용자항목5", L63, 0) -> 0 | AH63: =IF(P63="사용자항목6", L63, 0) -> 0 | AI63: =IF(P63="사용자항목7", L63, 0) -> 0 | AJ63: =IF(P63="관급자재대2", L63, 0) -> 0 | AK63: =IF(P63="작업부산물", L63, 0) -> 0 | AL63: =IF(P63="해체계획비및검토비", L63, 0) -> 0 | AM63: =IF(P63="사용자항목11", L63, 0) -> 0 | AN63: =IF(P63="사용자항목12", L63, 0) -> 0 | AO63: =IF(P63="사용자항목13", L63, 0) -> 0 | AP63: =IF(P63="사용자항목14", L63, 0) -> 0 | AQ63: =IF(P63="사용자항목15", L63, 0) -> 0 | AR63: =IF(P63="사용자항목16", L63, 0) -> 0 | AS63: =IF(P63="사용자항목17", L63, 0) -> 0 | AT63: =IF(P63="사용자항목18", L63, 0) -> 0 | AU63: =IF(P63="사용자항목19", L63, 0) -> 0
A70: 합 계 | F70: =ROUNDDOWN(SUMIF(Q50:Q69, "1", F50:F69), 0) -> 0 | H70: =ROUNDDOWN(SUMIF(Q50:Q69, "1", H50:H69), 0) -> 0 | J70: =ROUNDDOWN(SUMIF(Q50:Q69, "1", J50:J69), 0) -> 0 | L70: =F70+H70+J70 -> 0 | R70: =ROUNDDOWN(SUM(R50:R63), 0) -> 0 | S70: =ROUNDDOWN(SUM(S50:S63), 0) -> 0 | T70: =ROUNDDOWN(SUM(T50:T63), 0) -> 0 | U70: =ROUNDDOWN(SUM(U50:U63), 0) -> 0 | V70: =ROUNDDOWN(SUM(V50:V63), 0) -> 0 | W70: =ROUNDDOWN(SUM(W50:W63), 0) -> 0 | X70: =ROUNDDOWN(SUM(X50:X63), 0) -> 0 | Y70: =ROUNDDOWN(SUM(Y50:Y63), 0) -> 0 | ... AY70: =ROUNDDOWN(SUM(AY50:AY63), 0) -> 0
A71: 1. 건축공사 > 4. 칸막이공사
A72: DRY WALL(C-100)THK125 | B72: 일반12.5t 2겹양면+GW100t | C72: M2 | D72: 34.8 | M72: 일위 28호 | O72: ="" | P72: 기계경비 | Q72: 1 | R72: =IF(P72="기계경비", J72, 0) -> 0 | S72: =IF(P72="운반비", L72, 0) -> 0 | T72: =IF(P72="작업부산물", F72, 0) -> 0 | U72: =IF(P72="관급", F72, 0) -> 0 | V72: =IF(P72="외주비", J72, 0) -> 0 | W72: =IF(P72="장비비", J72, 0) -> 0 | X72: =IF(P72="폐기물처리비", L72, 0) -> 0 | Y72: =IF(P72="가설비", J72, 0) -> 0 | Z72: =IF(P72="잡비제외분", F72, 0) -> 0 | AA72: =IF(P72="사급자재대", L72, 0) -> 0 | AB72: =IF(P72="관급자재대", L72, 0) -> 0 | AC72: =IF(P72="관급자관급", L72, 0) -> 0 | AD72: =IF(P72="품질시험비", L72, 0) -> 0 | AE72: =IF(P72="수도광열비", L72, 0) -> 0 | AF72: =IF(P72="공기중석면농도측정비", L72, 0) -> 0 | AG72: =IF(P72="사용자항목5", L72, 0) -> 0 | AH72: =IF(P72="사용자항목6", L72, 0) -> 0 | AI72: =IF(P72="사용자항목7", L72, 0) -> 0 | AJ72: =IF(P72="관급자재대2", L72, 0) -> 0 | AK72: =IF(P72="작업부산물", L72, 0) -> 0 | AL72: =IF(P72="해체계획비및검토비", L72, 0) -> 0 | AM72: =IF(P72="사용자항목11", L72, 0) -> 0 | AN72: =IF(P72="사용자항목12", L72, 0) -> 0 | AO72: =IF(P72="사용자항목13", L72, 0) -> 0 | AP72: =IF(P72="사용자항목14", L72, 0) -> 0 | AQ72: =IF(P72="사용자항목15", L72, 0) -> 0 | AR72: =IF(P72="사용자항목16", L72, 0) -> 0 | AS72: =IF(P72="사용자항목17", L72, 0) -> 0 | AT72: =IF(P72="사용자항목18", L72, 0) -> 0 | AU72: =IF(P72="사용자항목19", L72, 0) -> 0 | AY72: KDJ
A92: 합 계 | F92: =ROUNDDOWN(SUMIF(Q72:Q91, "1", F72:F91), 0) -> 0 | H92: =ROUNDDOWN(SUMIF(Q72:Q91, "1", H72:H91), 0) -> 0 | J92: =ROUNDDOWN(SUMIF(Q72:Q91, "1", J72:J91), 0) -> 0 | L92: =F92+H92+J92 -> 0 | R92: =ROUNDDOWN(SUM(R72:R72), 0) -> 0 | S92: =ROUNDDOWN(SUM(S72:S72), 0) -> 0 | T92: =ROUNDDOWN(SUM(T72:T72), 0) -> 0 | U92: =ROUNDDOWN(SUM(U72:U72), 0) -> 0 | V92: =ROUNDDOWN(SUM(V72:V72), 0) -> 0 | W92: =ROUNDDOWN(SUM(W72:W72), 0) -> 0 | X92: =ROUNDDOWN(SUM(X72:X72), 0) -> 0 | Y92: =ROUNDDOWN(SUM(Y72:Y72), 0) -> 0 | ... AY92: =ROUNDDOWN(SUM(AY72:AY72), 0) -> 0
A93: 1. 건축공사 > 5. 복도
A94: 벽체틀 설치 | B94: 30*30, @450*600 | C94: M2 | D94: 2.9 | M94: 일위 29호 | O94: ="" | P94: 기계경비 | Q94: 1 | R94: =IF(P94="기계경비", J94, 0) -> 0 | S94: =IF(P94="운반비", L94, 0) -> 0 | T94: =IF(P94="작업부산물", F94, 0) -> 0 | U94: =IF(P94="관급", F94, 0) -> 0 | V94: =IF(P94="외주비", J94, 0) -> 0 | W94: =IF(P94="장비비", J94, 0) -> 0 | X94: =IF(P94="폐기물처리비", L94, 0) -> 0 | Y94: =IF(P94="가설비", J94, 0) -> 0 | Z94: =IF(P94="잡비제외분", F94, 0) -> 0 | AA94: =IF(P94="사급자재대", L94, 0) -> 0 | AB94: =IF(P94="관급자재대", L94, 0) -> 0 | AC94: =IF(P94="관급자관급", L94, 0) -> 0 | AD94: =IF(P94="품질시험비", L94, 0) -> 0 | AE94: =IF(P94="수도광열비", L94, 0) -> 0 | AF94: =IF(P94="공기중석면농도측정비", L94, 0) -> 0 | AG94: =IF(P94="사용자항목5", L94, 0) -> 0 | AH94: =IF(P94="사용자항목6", L94, 0) -> 0 | AI94: =IF(P94="사용자항목7", L94, 0) -> 0 | AJ94: =IF(P94="관급자재대2", L94, 0) -> 0 | AK94: =IF(P94="작업부산물", L94, 0) -> 0 | AL94: =IF(P94="해체계획비및검토비", L94, 0) -> 0 | AM94: =IF(P94="사용자항목11", L94, 0) -> 0 | AN94: =IF(P94="사용자항목12", L94, 0) -> 0 | AO94: =IF(P94="사용자항목13", L94, 0) -> 0 | AP94: =IF(P94="사용자항목14", L94, 0) -> 0 | AQ94: =IF(P94="사용자항목15", L94, 0) -> 0 | AR94: =IF(P94="사용자항목16", L94, 0) -> 0 | AS94: =IF(P94="사용자항목17", L94, 0) -> 0 | AT94: =IF(P94="사용자항목18", L94, 0) -> 0 | AU94: =IF(P94="사용자항목19", L94, 0) -> 0
A95: 벽, MDF합판붙임 | B95: MDF,9MM | C95: M2 | D95: 2.9 | M95: 일위 30호 | O95: ="" | P95: 기계경비 | Q95: 1 | R95: =IF(P95="기계경비", J95, 0) -> 0 | S95: =IF(P95="운반비", L95, 0) -> 0 | T95: =IF(P95="작업부산물", F95, 0) -> 0 | U95: =IF(P95="관급", F95, 0) -> 0 | V95: =IF(P95="외주비", J95, 0) -> 0 | W95: =IF(P95="장비비", J95, 0) -> 0 | X95: =IF(P95="폐기물처리비", L95, 0) -> 0 | Y95: =IF(P95="가설비", J95, 0) -> 0 | Z95: =IF(P95="잡비제외분", F95, 0) -> 0 | AA95: =IF(P95="사급자재대", L95, 0) -> 0 | AB95: =IF(P95="관급자재대", L95, 0) -> 0 | AC95: =IF(P95="관급자관급", L95, 0) -> 0 | AD95: =IF(P95="품질시험비", L95, 0) -> 0 | AE95: =IF(P95="수도광열비", L95, 0) -> 0 | AF95: =IF(P95="공기중석면농도측정비", L95, 0) -> 0 | AG95: =IF(P95="사용자항목5", L95, 0) -> 0 | AH95: =IF(P95="사용자항목6", L95, 0) -> 0 | AI95: =IF(P95="사용자항목7", L95, 0) -> 0 | AJ95: =IF(P95="관급자재대2", L95, 0) -> 0 | AK95: =IF(P95="작업부산물", L95, 0) -> 0 | AL95: =IF(P95="해체계획비및검토비", L95, 0) -> 0 | AM95: =IF(P95="사용자항목11", L95, 0) -> 0 | AN95: =IF(P95="사용자항목12", L95, 0) -> 0 | AO95: =IF(P95="사용자항목13", L95, 0) -> 0 | AP95: =IF(P95="사용자항목14", L95, 0) -> 0 | AQ95: =IF(P95="사용자항목15", L95, 0) -> 0 | AR95: =IF(P95="사용자항목16", L95, 0) -> 0 | AS95: =IF(P95="사용자항목17", L95, 0) -> 0 | AT95: =IF(P95="사용자항목18", L95, 0) -> 0 | AU95: =IF(P95="사용자항목19", L95, 0) -> 0
A96: 인테리어필름 | B96: 0.42*1.22,방염메탈계 | C96: M2 | D96: 2.9 | O96: ="01" -> 01 | P96: 기계경비 | Q96: 1 | R96: =IF(P96="기계경비", J96, 0) -> 0 | S96: =IF(P96="운반비", L96, 0) -> 0 | T96: =IF(P96="작업부산물", F96, 0) -> 0 | U96: =IF(P96="관급", F96, 0) -> 0 | V96: =IF(P96="외주비", J96, 0) -> 0 | W96: =IF(P96="장비비", J96, 0) -> 0 | X96: =IF(P96="폐기물처리비", L96, 0) -> 0 | Y96: =IF(P96="가설비", J96, 0) -> 0 | Z96: =IF(P96="잡비제외분", F96, 0) -> 0 | AA96: =IF(P96="사급자재대", L96, 0) -> 0 | AB96: =IF(P96="관급자재대", L96, 0) -> 0 | AC96: =IF(P96="관급자관급", L96, 0) -> 0 | AD96: =IF(P96="품질시험비", L96, 0) -> 0 | AE96: =IF(P96="수도광열비", L96, 0) -> 0 | AF96: =IF(P96="공기중석면농도측정비", L96, 0) -> 0 | AG96: =IF(P96="사용자항목5", L96, 0) -> 0 | AH96: =IF(P96="사용자항목6", L96, 0) -> 0 | AI96: =IF(P96="사용자항목7", L96, 0) -> 0 | AJ96: =IF(P96="관급자재대2", L96, 0) -> 0 | AK96: =IF(P96="작업부산물", L96, 0) -> 0 | AL96: =IF(P96="해체계획비및검토비", L96, 0) -> 0 | AM96: =IF(P96="사용자항목11", L96, 0) -> 0 | AN96: =IF(P96="사용자항목12", L96, 0) -> 0 | AO96: =IF(P96="사용자항목13", L96, 0) -> 0 | AP96: =IF(P96="사용자항목14", L96, 0) -> 0 | AQ96: =IF(P96="사용자항목15", L96, 0) -> 0 | AR96: =IF(P96="사용자항목16", L96, 0) -> 0 | AS96: =IF(P96="사용자항목17", L96, 0) -> 0 | AT96: =IF(P96="사용자항목18", L96, 0) -> 0 | AU96: =IF(P96="사용자항목19", L96, 0) -> 0
A97: 마이너스몰딩설치 | B97: 걸레받이,BM120 | C97: M | D97: 0.8 | M97: 일위 31호 | O97: ="" | P97: 기계경비 | Q97: 1 | R97: =IF(P97="기계경비", J97, 0) -> 0 | S97: =IF(P97="운반비", L97, 0) -> 0 | T97: =IF(P97="작업부산물", F97, 0) -> 0 | U97: =IF(P97="관급", F97, 0) -> 0 | V97: =IF(P97="외주비", J97, 0) -> 0 | W97: =IF(P97="장비비", J97, 0) -> 0 | X97: =IF(P97="폐기물처리비", L97, 0) -> 0 | Y97: =IF(P97="가설비", J97, 0) -> 0 | Z97: =IF(P97="잡비제외분", F97, 0) -> 0 | AA97: =IF(P97="사급자재대", L97, 0) -> 0 | AB97: =IF(P97="관급자재대", L97, 0) -> 0 | AC97: =IF(P97="관급자관급", L97, 0) -> 0 | AD97: =IF(P97="품질시험비", L97, 0) -> 0 | AE97: =IF(P97="수도광열비", L97, 0) -> 0 | AF97: =IF(P97="공기중석면농도측정비", L97, 0) -> 0 | AG97: =IF(P97="사용자항목5", L97, 0) -> 0 | AH97: =IF(P97="사용자항목6", L97, 0) -> 0 | AI97: =IF(P97="사용자항목7", L97, 0) -> 0 | AJ97: =IF(P97="관급자재대2", L97, 0) -> 0 | AK97: =IF(P97="작업부산물", L97, 0) -> 0 | AL97: =IF(P97="해체계획비및검토비", L97, 0) -> 0 | AM97: =IF(P97="사용자항목11", L97, 0) -> 0 | AN97: =IF(P97="사용자항목12", L97, 0) -> 0 | AO97: =IF(P97="사용자항목13", L97, 0) -> 0 | AP97: =IF(P97="사용자항목14", L97, 0) -> 0 | AQ97: =IF(P97="사용자항목15", L97, 0) -> 0 | AR97: =IF(P97="사용자항목16", L97, 0) -> 0 | AS97: =IF(P97="사용자항목17", L97, 0) -> 0 | AT97: =IF(P97="사용자항목18", L97, 0) -> 0 | AU97: =IF(P97="사용자항목19", L97, 0) -> 0 | AY97: KDJ
A114: 합 계 | F114: =ROUNDDOWN(SUMIF(Q94:Q113, "1", F94:F113), 0) -> 0 | H114: =ROUNDDOWN(SUMIF(Q94:Q113, "1", H94:H113), 0) -> 0 | J114: =ROUNDDOWN(SUMIF(Q94:Q113, "1", J94:J113), 0) -> 0 | L114: =F114+H114+J114 -> 0 | R114: =ROUNDDOWN(SUM(R94:R97), 0) -> 0 | S114: =ROUNDDOWN(SUM(S94:S97), 0) -> 0 | T114: =ROUNDDOWN(SUM(T94:T97), 0) -> 0 | U114: =ROUNDDOWN(SUM(U94:U97), 0) -> 0 | V114: =ROUNDDOWN(SUM(V94:V97), 0) -> 0 | W114: =ROUNDDOWN(SUM(W94:W97), 0) -> 0 | X114: =ROUNDDOWN(SUM(X94:X97), 0) -> 0 | Y114: =ROUNDDOWN(SUM(Y94:Y97), 0) -> 0 | ... AY114: =ROUNDDOWN(SUM(AY94:AY97), 0) -> 0
A115: 1. 건축공사 > 6. 기술실
A116: 모르타르 바름 | B116: 바닥, 24mm | C116: M2 | D116: 2.8 | M116: 일위 32호 | O116: ="" | P116: 기계경비 | Q116: 1 | R116: =IF(P116="기계경비", J116, 0) -> 0 | S116: =IF(P116="운반비", L116, 0) -> 0 | T116: =IF(P116="작업부산물", F116, 0) -> 0 | U116: =IF(P116="관급", F116, 0) -> 0 | V116: =IF(P116="외주비", J116, 0) -> 0 | W116: =IF(P116="장비비", J116, 0) -> 0 | X116: =IF(P116="폐기물처리비", L116, 0) -> 0 | Y116: =IF(P116="가설비", J116, 0) -> 0 | Z116: =IF(P116="잡비제외분", F116, 0) -> 0 | AA116: =IF(P116="사급자재대", L116, 0) -> 0 | AB116: =IF(P116="관급자재대", L116, 0) -> 0 | AC116: =IF(P116="관급자관급", L116, 0) -> 0 | AD116: =IF(P116="품질시험비", L116, 0) -> 0 | AE116: =IF(P116="수도광열비", L116, 0) -> 0 | AF116: =IF(P116="공기중석면농도측정비", L116, 0) -> 0 | AG116: =IF(P116="사용자항목5", L116, 0) -> 0 | AH116: =IF(P116="사용자항목6", L116, 0) -> 0 | AI116: =IF(P116="사용자항목7", L116, 0) -> 0 | AJ116: =IF(P116="관급자재대2", L116, 0) -> 0 | AK116: =IF(P116="작업부산물", L116, 0) -> 0 | AL116: =IF(P116="해체계획비및검토비", L116, 0) -> 0 | AM116: =IF(P116="사용자항목11", L116, 0) -> 0 | AN116: =IF(P116="사용자항목12", L116, 0) -> 0 | AO116: =IF(P116="사용자항목13", L116, 0) -> 0 | AP116: =IF(P116="사용자항목14", L116, 0) -> 0 | AQ116: =IF(P116="사용자항목15", L116, 0) -> 0 | AR116: =IF(P116="사용자항목16", L116, 0) -> 0 | AS116: =IF(P116="사용자항목17", L116, 0) -> 0 | AT116: =IF(P116="사용자항목18", L116, 0) -> 0 | AU116: =IF(P116="사용자항목19", L116, 0) -> 0
A117: 비닐타일 깔기 | B117: 비닐타일, 3*450*450mm, 데코타일 | C117: M2 | D117: 142.7 | M117: 일위 33호 | O117: ="" | P117: 기계경비 | Q117: 1 | R117: =IF(P117="기계경비", J117, 0) -> 0 | S117: =IF(P117="운반비", L117, 0) -> 0 | T117: =IF(P117="작업부산물", F117, 0) -> 0 | U117: =IF(P117="관급", F117, 0) -> 0 | V117: =IF(P117="외주비", J117, 0) -> 0 | W117: =IF(P117="장비비", J117, 0) -> 0 | X117: =IF(P117="폐기물처리비", L117, 0) -> 0 | Y117: =IF(P117="가설비", J117, 0) -> 0 | Z117: =IF(P117="잡비제외분", F117, 0) -> 0 | AA117: =IF(P117="사급자재대", L117, 0) -> 0 | AB117: =IF(P117="관급자재대", L117, 0) -> 0 | AC117: =IF(P117="관급자관급", L117, 0) -> 0 | AD117: =IF(P117="품질시험비", L117, 0) -> 0 | AE117: =IF(P117="수도광열비", L117, 0) -> 0 | AF117: =IF(P117="공기중석면농도측정비", L117, 0) -> 0 | AG117: =IF(P117="사용자항목5", L117, 0) -> 0 | AH117: =IF(P117="사용자항목6", L117, 0) -> 0 | AI117: =IF(P117="사용자항목7", L117, 0) -> 0 | AJ117: =IF(P117="관급자재대2", L117, 0) -> 0 | AK117: =IF(P117="작업부산물", L117, 0) -> 0 | AL117: =IF(P117="해체계획비및검토비", L117, 0) -> 0 | AM117: =IF(P117="사용자항목11", L117, 0) -> 0 | AN117: =IF(P117="사용자항목12", L117, 0) -> 0 | AO117: =IF(P117="사용자항목13", L117, 0) -> 0 | AP117: =IF(P117="사용자항목14", L117, 0) -> 0 | AQ117: =IF(P117="사용자항목15", L117, 0) -> 0 | AR117: =IF(P117="사용자항목16", L117, 0) -> 0 | AS117: =IF(P117="사용자항목17", L117, 0) -> 0 | AT117: =IF(P117="사용자항목18", L117, 0) -> 0 | AU117: =IF(P117="사용자항목19", L117, 0) -> 0
A118: 모르타르 바름 | B118: 내벽, 11mm, 3.6m 이하 | C118: M2 | D118: 3.9 | M118: 일위 34호 | O118: ="" | P118: 기계경비 | Q118: 1 | R118: =IF(P118="기계경비", J118, 0) -> 0 | S118: =IF(P118="운반비", L118, 0) -> 0 | T118: =IF(P118="작업부산물", F118, 0) -> 0 | U118: =IF(P118="관급", F118, 0) -> 0 | V118: =IF(P118="외주비", J118, 0) -> 0 | W118: =IF(P118="장비비", J118, 0) -> 0 | X118: =IF(P118="폐기물처리비", L118, 0) -> 0 | Y118: =IF(P118="가설비", J118, 0) -> 0 | Z118: =IF(P118="잡비제외분", F118, 0) -> 0 | AA118: =IF(P118="사급자재대", L118, 0) -> 0 | AB118: =IF(P118="관급자재대", L118, 0) -> 0 | AC118: =IF(P118="관급자관급", L118, 0) -> 0 | AD118: =IF(P118="품질시험비", L118, 0) -> 0 | AE118: =IF(P118="수도광열비", L118, 0) -> 0 | AF118: =IF(P118="공기중석면농도측정비", L118, 0) -> 0 | AG118: =IF(P118="사용자항목5", L118, 0) -> 0 | AH118: =IF(P118="사용자항목6", L118, 0) -> 0 | AI118: =IF(P118="사용자항목7", L118, 0) -> 0 | AJ118: =IF(P118="관급자재대2", L118, 0) -> 0 | AK118: =IF(P118="작업부산물", L118, 0) -> 0 | AL118: =IF(P118="해체계획비및검토비", L118, 0) -> 0 | AM118: =IF(P118="사용자항목11", L118, 0) -> 0 | AN118: =IF(P118="사용자항목12", L118, 0) -> 0 | AO118: =IF(P118="사용자항목13", L118, 0) -> 0 | AP118: =IF(P118="사용자항목14", L118, 0) -> 0 | AQ118: =IF(P118="사용자항목15", L118, 0) -> 0 | AR118: =IF(P118="사용자항목16", L118, 0) -> 0 | AS118: =IF(P118="사용자항목17", L118, 0) -> 0 | AT118: =IF(P118="사용자항목18", L118, 0) -> 0 | AU118: =IF(P118="사용자항목19", L118, 0) -> 0
A119: 석고판 설치(나사고정) - 바탕용 | B119: 벽,9.5mm2겹 | C119: M2 | D119: 20 | M119: 일위 35호 | O119: ="" | P119: 기계경비 | Q119: 1 | R119: =IF(P119="기계경비", J119, 0) -> 0 | S119: =IF(P119="운반비", L119, 0) -> 0 | T119: =IF(P119="작업부산물", F119, 0) -> 0 | U119: =IF(P119="관급", F119, 0) -> 0 | V119: =IF(P119="외주비", J119, 0) -> 0 | W119: =IF(P119="장비비", J119, 0) -> 0 | X119: =IF(P119="폐기물처리비", L119, 0) -> 0 | Y119: =IF(P119="가설비", J119, 0) -> 0 | Z119: =IF(P119="잡비제외분", F119, 0) -> 0 | AA119: =IF(P119="사급자재대", L119, 0) -> 0 | AB119: =IF(P119="관급자재대", L119, 0) -> 0 | AC119: =IF(P119="관급자관급", L119, 0) -> 0 | AD119: =IF(P119="품질시험비", L119, 0) -> 0 | AE119: =IF(P119="수도광열비", L119, 0) -> 0 | AF119: =IF(P119="공기중석면농도측정비", L119, 0) -> 0 | AG119: =IF(P119="사용자항목5", L119, 0) -> 0 | AH119: =IF(P119="사용자항목6", L119, 0) -> 0 | AI119: =IF(P119="사용자항목7", L119, 0) -> 0 | AJ119: =IF(P119="관급자재대2", L119, 0) -> 0 | AK119: =IF(P119="작업부산물", L119, 0) -> 0 | AL119: =IF(P119="해체계획비및검토비", L119, 0) -> 0 | AM119: =IF(P119="사용자항목11", L119, 0) -> 0 | AN119: =IF(P119="사용자항목12", L119, 0) -> 0 | AO119: =IF(P119="사용자항목13", L119, 0) -> 0 | AP119: =IF(P119="사용자항목14", L119, 0) -> 0 | AQ119: =IF(P119="사용자항목15", L119, 0) -> 0 | AR119: =IF(P119="사용자항목16", L119, 0) -> 0 | AS119: =IF(P119="사용자항목17", L119, 0) -> 0 | AT119: =IF(P119="사용자항목18", L119, 0) -> 0 | AU119: =IF(P119="사용자항목19", L119, 0) -> 0 | AY119: KDJ
A120: 석고판 설치(나사고정) - 바탕용 | B120: 천장,9.5mm2겹 | C120: M2 | D120: 142.7 | M120: 일위 36호 | O120: ="" | P120: 기계경비 | Q120: 1 | R120: =IF(P120="기계경비", J120, 0) -> 0 | S120: =IF(P120="운반비", L120, 0) -> 0 | T120: =IF(P120="작업부산물", F120, 0) -> 0 | U120: =IF(P120="관급", F120, 0) -> 0 | V120: =IF(P120="외주비", J120, 0) -> 0 | W120: =IF(P120="장비비", J120, 0) -> 0 | X120: =IF(P120="폐기물처리비", L120, 0) -> 0 | Y120: =IF(P120="가설비", J120, 0) -> 0 | Z120: =IF(P120="잡비제외분", F120, 0) -> 0 | AA120: =IF(P120="사급자재대", L120, 0) -> 0 | AB120: =IF(P120="관급자재대", L120, 0) -> 0 | AC120: =IF(P120="관급자관급", L120, 0) -> 0 | AD120: =IF(P120="품질시험비", L120, 0) -> 0 | AE120: =IF(P120="수도광열비", L120, 0) -> 0 | AF120: =IF(P120="공기중석면농도측정비", L120, 0) -> 0 | AG120: =IF(P120="사용자항목5", L120, 0) -> 0 | AH120: =IF(P120="사용자항목6", L120, 0) -> 0 | AI120: =IF(P120="사용자항목7", L120, 0) -> 0 | AJ120: =IF(P120="관급자재대2", L120, 0) -> 0 | AK120: =IF(P120="작업부산물", L120, 0) -> 0 | AL120: =IF(P120="해체계획비및검토비", L120, 0) -> 0 | AM120: =IF(P120="사용자항목11", L120, 0) -> 0 | AN120: =IF(P120="사용자항목12", L120, 0) -> 0 | AO120: =IF(P120="사용자항목13", L120, 0) -> 0 | AP120: =IF(P120="사용자항목14", L120, 0) -> 0 | AQ120: =IF(P120="사용자항목15", L120, 0) -> 0 | AR120: =IF(P120="사용자항목16", L120, 0) -> 0 | AS120: =IF(P120="사용자항목17", L120, 0) -> 0 | AT120: =IF(P120="사용자항목18", L120, 0) -> 0 | AU120: =IF(P120="사용자항목19", L120, 0) -> 0 | AY120: KDJ
A121: 경량철골천정틀 | B121: M-BAR, H:1m미만. 인써트 유 | C121: M2 | D121: 142.7 | M121: 일위 37호 | O121: ="" | P121: 기계경비 | Q121: 1 | R121: =IF(P121="기계경비", J121, 0) -> 0 | S121: =IF(P121="운반비", L121, 0) -> 0 | T121: =IF(P121="작업부산물", F121, 0) -> 0 | U121: =IF(P121="관급", F121, 0) -> 0 | V121: =IF(P121="외주비", J121, 0) -> 0 | W121: =IF(P121="장비비", J121, 0) -> 0 | X121: =IF(P121="폐기물처리비", L121, 0) -> 0 | Y121: =IF(P121="가설비", J121, 0) -> 0 | Z121: =IF(P121="잡비제외분", F121, 0) -> 0 | AA121: =IF(P121="사급자재대", L121, 0) -> 0 | AB121: =IF(P121="관급자재대", L121, 0) -> 0 | AC121: =IF(P121="관급자관급", L121, 0) -> 0 | AD121: =IF(P121="품질시험비", L121, 0) -> 0 | AE121: =IF(P121="수도광열비", L121, 0) -> 0 | AF121: =IF(P121="공기중석면농도측정비", L121, 0) -> 0 | AG121: =IF(P121="사용자항목5", L121, 0) -> 0 | AH121: =IF(P121="사용자항목6", L121, 0) -> 0 | AI121: =IF(P121="사용자항목7", L121, 0) -> 0 | AJ121: =IF(P121="관급자재대2", L121, 0) -> 0 | AK121: =IF(P121="작업부산물", L121, 0) -> 0 | AL121: =IF(P121="해체계획비및검토비", L121, 0) -> 0 | AM121: =IF(P121="사용자항목11", L121, 0) -> 0 | AN121: =IF(P121="사용자항목12", L121, 0) -> 0 | AO121: =IF(P121="사용자항목13", L121, 0) -> 0 | AP121: =IF(P121="사용자항목14", L121, 0) -> 0 | AQ121: =IF(P121="사용자항목15", L121, 0) -> 0 | AR121: =IF(P121="사용자항목16", L121, 0) -> 0 | AS121: =IF(P121="사용자항목17", L121, 0) -> 0 | AT121: =IF(P121="사용자항목18", L121, 0) -> 0 | AU121: =IF(P121="사용자항목19", L121, 0) -> 0
A122: 마이너스몰딩설치 | B122: 천정,M120 | C122: M | D122: 51.4 | M122: 일위 38호 | O122: ="" | P122: 기계경비 | Q122: 1 | R122: =IF(P122="기계경비", J122, 0) -> 0 | S122: =IF(P122="운반비", L122, 0) -> 0 | T122: =IF(P122="작업부산물", F122, 0) -> 0 | U122: =IF(P122="관급", F122, 0) -> 0 | V122: =IF(P122="외주비", J122, 0) -> 0 | W122: =IF(P122="장비비", J122, 0) -> 0 | X122: =IF(P122="폐기물처리비", L122, 0) -> 0 | Y122: =IF(P122="가설비", J122, 0) -> 0 | Z122: =IF(P122="잡비제외분", F122, 0) -> 0 | AA122: =IF(P122="사급자재대", L122, 0) -> 0 | AB122: =IF(P122="관급자재대", L122, 0) -> 0 | AC122: =IF(P122="관급자관급", L122, 0) -> 0 | AD122: =IF(P122="품질시험비", L122, 0) -> 0 | AE122: =IF(P122="수도광열비", L122, 0) -> 0 | AF122: =IF(P122="공기중석면농도측정비", L122, 0) -> 0 | AG122: =IF(P122="사용자항목5", L122, 0) -> 0 | AH122: =IF(P122="사용자항목6", L122, 0) -> 0 | AI122: =IF(P122="사용자항목7", L122, 0) -> 0 | AJ122: =IF(P122="관급자재대2", L122, 0) -> 0 | AK122: =IF(P122="작업부산물", L122, 0) -> 0 | AL122: =IF(P122="해체계획비및검토비", L122, 0) -> 0 | AM122: =IF(P122="사용자항목11", L122, 0) -> 0 | AN122: =IF(P122="사용자항목12", L122, 0) -> 0 | AO122: =IF(P122="사용자항목13", L122, 0) -> 0 | AP122: =IF(P122="사용자항목14", L122, 0) -> 0 | AQ122: =IF(P122="사용자항목15", L122, 0) -> 0 | AR122: =IF(P122="사용자항목16", L122, 0) -> 0 | AS122: =IF(P122="사용자항목17", L122, 0) -> 0 | AT122: =IF(P122="사용자항목18", L122, 0) -> 0 | AU122: =IF(P122="사용자항목19", L122, 0) -> 0 | AY122: KDJ
A123: 벽체틀 설치 | B123: 30*30, @450*600 | C123: M2 | D123: 48.9 | M123: 일위 29호 | O123: ="" | P123: 기계경비 | Q123: 1 | R123: =IF(P123="기계경비", J123, 0) -> 0 | S123: =IF(P123="운반비", L123, 0) -> 0 | T123: =IF(P123="작업부산물", F123, 0) -> 0 | U123: =IF(P123="관급", F123, 0) -> 0 | V123: =IF(P123="외주비", J123, 0) -> 0 | W123: =IF(P123="장비비", J123, 0) -> 0 | X123: =IF(P123="폐기물처리비", L123, 0) -> 0 | Y123: =IF(P123="가설비", J123, 0) -> 0 | Z123: =IF(P123="잡비제외분", F123, 0) -> 0 | AA123: =IF(P123="사급자재대", L123, 0) -> 0 | AB123: =IF(P123="관급자재대", L123, 0) -> 0 | AC123: =IF(P123="관급자관급", L123, 0) -> 0 | AD123: =IF(P123="품질시험비", L123, 0) -> 0 | AE123: =IF(P123="수도광열비", L123, 0) -> 0 | AF123: =IF(P123="공기중석면농도측정비", L123, 0) -> 0 | AG123: =IF(P123="사용자항목5", L123, 0) -> 0 | AH123: =IF(P123="사용자항목6", L123, 0) -> 0 | AI123: =IF(P123="사용자항목7", L123, 0) -> 0 | AJ123: =IF(P123="관급자재대2", L123, 0) -> 0 | AK123: =IF(P123="작업부산물", L123, 0) -> 0 | AL123: =IF(P123="해체계획비및검토비", L123, 0) -> 0 | AM123: =IF(P123="사용자항목11", L123, 0) -> 0 | AN123: =IF(P123="사용자항목12", L123, 0) -> 0 | AO123: =IF(P123="사용자항목13", L123, 0) -> 0 | AP123: =IF(P123="사용자항목14", L123, 0) -> 0 | AQ123: =IF(P123="사용자항목15", L123, 0) -> 0 | AR123: =IF(P123="사용자항목16", L123, 0) -> 0 | AS123: =IF(P123="사용자항목17", L123, 0) -> 0 | AT123: =IF(P123="사용자항목18", L123, 0) -> 0 | AU123: =IF(P123="사용자항목19", L123, 0) -> 0
A124: 벽, 합판붙임 | B124: 12.0MM 보통합판 | C124: M2 | D124: 42.1 | M124: 일위 39호 | O124: ="" | P124: 기계경비 | Q124: 1 | R124: =IF(P124="기계경비", J124, 0) -> 0 | S124: =IF(P124="운반비", L124, 0) -> 0 | T124: =IF(P124="작업부산물", F124, 0) -> 0 | U124: =IF(P124="관급", F124, 0) -> 0 | V124: =IF(P124="외주비", J124, 0) -> 0 | W124: =IF(P124="장비비", J124, 0) -> 0 | X124: =IF(P124="폐기물처리비", L124, 0) -> 0 | Y124: =IF(P124="가설비", J124, 0) -> 0 | Z124: =IF(P124="잡비제외분", F124, 0) -> 0 | AA124: =IF(P124="사급자재대", L124, 0) -> 0 | AB124: =IF(P124="관급자재대", L124, 0) -> 0 | AC124: =IF(P124="관급자관급", L124, 0) -> 0 | AD124: =IF(P124="품질시험비", L124, 0) -> 0 | AE124: =IF(P124="수도광열비", L124, 0) -> 0 | AF124: =IF(P124="공기중석면농도측정비", L124, 0) -> 0 | AG124: =IF(P124="사용자항목5", L124, 0) -> 0 | AH124: =IF(P124="사용자항목6", L124, 0) -> 0 | AI124: =IF(P124="사용자항목7", L124, 0) -> 0 | AJ124: =IF(P124="관급자재대2", L124, 0) -> 0 | AK124: =IF(P124="작업부산물", L124, 0) -> 0 | AL124: =IF(P124="해체계획비및검토비", L124, 0) -> 0 | AM124: =IF(P124="사용자항목11", L124, 0) -> 0 | AN124: =IF(P124="사용자항목12", L124, 0) -> 0 | AO124: =IF(P124="사용자항목13", L124, 0) -> 0 | AP124: =IF(P124="사용자항목14", L124, 0) -> 0 | AQ124: =IF(P124="사용자항목15", L124, 0) -> 0 | AR124: =IF(P124="사용자항목16", L124, 0) -> 0 | AS124: =IF(P124="사용자항목17", L124, 0) -> 0 | AT124: =IF(P124="사용자항목18", L124, 0) -> 0 | AU124: =IF(P124="사용자항목19", L124, 0) -> 0
A125: MDF루버 설치 | B125: MDF30*80@110mm+방염필름 | C125: M2 | D125: 11.7 | M125: 일위 40호 | O125: ="" | P125: 기계경비 | Q125: 1 | R125: =IF(P125="기계경비", J125, 0) -> 0 | S125: =IF(P125="운반비", L125, 0) -> 0 | T125: =IF(P125="작업부산물", F125, 0) -> 0 | U125: =IF(P125="관급", F125, 0) -> 0 | V125: =IF(P125="외주비", J125, 0) -> 0 | W125: =IF(P125="장비비", J125, 0) -> 0 | X125: =IF(P125="폐기물처리비", L125, 0) -> 0 | Y125: =IF(P125="가설비", J125, 0) -> 0 | Z125: =IF(P125="잡비제외분", F125, 0) -> 0 | AA125: =IF(P125="사급자재대", L125, 0) -> 0 | AB125: =IF(P125="관급자재대", L125, 0) -> 0 | AC125: =IF(P125="관급자관급", L125, 0) -> 0 | AD125: =IF(P125="품질시험비", L125, 0) -> 0 | AE125: =IF(P125="수도광열비", L125, 0) -> 0 | AF125: =IF(P125="공기중석면농도측정비", L125, 0) -> 0 | AG125: =IF(P125="사용자항목5", L125, 0) -> 0 | AH125: =IF(P125="사용자항목6", L125, 0) -> 0 | AI125: =IF(P125="사용자항목7", L125, 0) -> 0 | AJ125: =IF(P125="관급자재대2", L125, 0) -> 0 | AK125: =IF(P125="작업부산물", L125, 0) -> 0 | AL125: =IF(P125="해체계획비및검토비", L125, 0) -> 0 | AM125: =IF(P125="사용자항목11", L125, 0) -> 0 | AN125: =IF(P125="사용자항목12", L125, 0) -> 0 | AO125: =IF(P125="사용자항목13", L125, 0) -> 0 | AP125: =IF(P125="사용자항목14", L125, 0) -> 0 | AQ125: =IF(P125="사용자항목15", L125, 0) -> 0 | AR125: =IF(P125="사용자항목16", L125, 0) -> 0 | AS125: =IF(P125="사용자항목17", L125, 0) -> 0 | AT125: =IF(P125="사용자항목18", L125, 0) -> 0 | AU125: =IF(P125="사용자항목19", L125, 0) -> 0 | AY125: KDJ
A126: 템바보드 설치 | B126: 방염 18mm | C126: M2 | D126: 5.7 | M126: 일위 41호 | O126: ="" | P126: 기계경비 | Q126: 1 | R126: =IF(P126="기계경비", J126, 0) -> 0 | S126: =IF(P126="운반비", L126, 0) -> 0 | T126: =IF(P126="작업부산물", F126, 0) -> 0 | U126: =IF(P126="관급", F126, 0) -> 0 | V126: =IF(P126="외주비", J126, 0) -> 0 | W126: =IF(P126="장비비", J126, 0) -> 0 | X126: =IF(P126="폐기물처리비", L126, 0) -> 0 | Y126: =IF(P126="가설비", J126, 0) -> 0 | Z126: =IF(P126="잡비제외분", F126, 0) -> 0 | AA126: =IF(P126="사급자재대", L126, 0) -> 0 | AB126: =IF(P126="관급자재대", L126, 0) -> 0 | AC126: =IF(P126="관급자관급", L126, 0) -> 0 | AD126: =IF(P126="품질시험비", L126, 0) -> 0 | AE126: =IF(P126="수도광열비", L126, 0) -> 0 | AF126: =IF(P126="공기중석면농도측정비", L126, 0) -> 0 | AG126: =IF(P126="사용자항목5", L126, 0) -> 0 | AH126: =IF(P126="사용자항목6", L126, 0) -> 0 | AI126: =IF(P126="사용자항목7", L126, 0) -> 0 | AJ126: =IF(P126="관급자재대2", L126, 0) -> 0 | AK126: =IF(P126="작업부산물", L126, 0) -> 0 | AL126: =IF(P126="해체계획비및검토비", L126, 0) -> 0 | AM126: =IF(P126="사용자항목11", L126, 0) -> 0 | AN126: =IF(P126="사용자항목12", L126, 0) -> 0 | AO126: =IF(P126="사용자항목13", L126, 0) -> 0 | AP126: =IF(P126="사용자항목14", L126, 0) -> 0 | AQ126: =IF(P126="사용자항목15", L126, 0) -> 0 | AR126: =IF(P126="사용자항목16", L126, 0) -> 0 | AS126: =IF(P126="사용자항목17", L126, 0) -> 0 | AT126: =IF(P126="사용자항목18", L126, 0) -> 0 | AU126: =IF(P126="사용자항목19", L126, 0) -> 0 | AY126: KDJ
A127: 갈바륨강판 타공판 설치 | B127: 1.2t,유성페인트 포함 | C127: M | D127: 6.4 | M127: 일위 42호 | O127: ="" | P127: 기계경비 | Q127: 1 | R127: =IF(P127="기계경비", J127, 0) -> 0 | S127: =IF(P127="운반비", L127, 0) -> 0 | T127: =IF(P127="작업부산물", F127, 0) -> 0 | U127: =IF(P127="관급", F127, 0) -> 0 | V127: =IF(P127="외주비", J127, 0) -> 0 | W127: =IF(P127="장비비", J127, 0) -> 0 | X127: =IF(P127="폐기물처리비", L127, 0) -> 0 | Y127: =IF(P127="가설비", J127, 0) -> 0 | Z127: =IF(P127="잡비제외분", F127, 0) -> 0 | AA127: =IF(P127="사급자재대", L127, 0) -> 0 | AB127: =IF(P127="관급자재대", L127, 0) -> 0 | AC127: =IF(P127="관급자관급", L127, 0) -> 0 | AD127: =IF(P127="품질시험비", L127, 0) -> 0 | AE127: =IF(P127="수도광열비", L127, 0) -> 0 | AF127: =IF(P127="공기중석면농도측정비", L127, 0) -> 0 | AG127: =IF(P127="사용자항목5", L127, 0) -> 0 | AH127: =IF(P127="사용자항목6", L127, 0) -> 0 | AI127: =IF(P127="사용자항목7", L127, 0) -> 0 | AJ127: =IF(P127="관급자재대2", L127, 0) -> 0 | AK127: =IF(P127="작업부산물", L127, 0) -> 0 | AL127: =IF(P127="해체계획비및검토비", L127, 0) -> 0 | AM127: =IF(P127="사용자항목11", L127, 0) -> 0 | AN127: =IF(P127="사용자항목12", L127, 0) -> 0 | AO127: =IF(P127="사용자항목13", L127, 0) -> 0 | AP127: =IF(P127="사용자항목14", L127, 0) -> 0 | AQ127: =IF(P127="사용자항목15", L127, 0) -> 0 | AR127: =IF(P127="사용자항목16", L127, 0) -> 0 | AS127: =IF(P127="사용자항목17", L127, 0) -> 0 | AT127: =IF(P127="사용자항목18", L127, 0) -> 0 | AU127: =IF(P127="사용자항목19", L127, 0) -> 0 | AY127: KDJ
A128: 벽,MDF,9MM+방염필름 마감 | B128: MDF,9MM+방염필름 | C128: M2 | D128: 9.4 | M128: 일위 43호 | O128: ="" | P128: 기계경비 | Q128: 1 | R128: =IF(P128="기계경비", J128, 0) -> 0 | S128: =IF(P128="운반비", L128, 0) -> 0 | T128: =IF(P128="작업부산물", F128, 0) -> 0 | U128: =IF(P128="관급", F128, 0) -> 0 | V128: =IF(P128="외주비", J128, 0) -> 0 | W128: =IF(P128="장비비", J128, 0) -> 0 | X128: =IF(P128="폐기물처리비", L128, 0) -> 0 | Y128: =IF(P128="가설비", J128, 0) -> 0 | Z128: =IF(P128="잡비제외분", F128, 0) -> 0 | AA128: =IF(P128="사급자재대", L128, 0) -> 0 | AB128: =IF(P128="관급자재대", L128, 0) -> 0 | AC128: =IF(P128="관급자관급", L128, 0) -> 0 | AD128: =IF(P128="품질시험비", L128, 0) -> 0 | AE128: =IF(P128="수도광열비", L128, 0) -> 0 | AF128: =IF(P128="공기중석면농도측정비", L128, 0) -> 0 | AG128: =IF(P128="사용자항목5", L128, 0) -> 0 | AH128: =IF(P128="사용자항목6", L128, 0) -> 0 | AI128: =IF(P128="사용자항목7", L128, 0) -> 0 | AJ128: =IF(P128="관급자재대2", L128, 0) -> 0 | AK128: =IF(P128="작업부산물", L128, 0) -> 0 | AL128: =IF(P128="해체계획비및검토비", L128, 0) -> 0 | AM128: =IF(P128="사용자항목11", L128, 0) -> 0 | AN128: =IF(P128="사용자항목12", L128, 0) -> 0 | AO128: =IF(P128="사용자항목13", L128, 0) -> 0 | AP128: =IF(P128="사용자항목14", L128, 0) -> 0 | AQ128: =IF(P128="사용자항목15", L128, 0) -> 0 | AR128: =IF(P128="사용자항목16", L128, 0) -> 0 | AS128: =IF(P128="사용자항목17", L128, 0) -> 0 | AT128: =IF(P128="사용자항목18", L128, 0) -> 0 | AU128: =IF(P128="사용자항목19", L128, 0) -> 0 | AY128: KDJ
A129: 마이너스몰딩설치 | B129: 걸레받이,BM120 | C129: M | D129: 38.3 | M129: 일위 31호 | O129: ="" | P129: 기계경비 | Q129: 1 | R129: =IF(P129="기계경비", J129, 0) -> 0 | S129: =IF(P129="운반비", L129, 0) -> 0 | T129: =IF(P129="작업부산물", F129, 0) -> 0 | U129: =IF(P129="관급", F129, 0) -> 0 | V129: =IF(P129="외주비", J129, 0) -> 0 | W129: =IF(P129="장비비", J129, 0) -> 0 | X129: =IF(P129="폐기물처리비", L129, 0) -> 0 | Y129: =IF(P129="가설비", J129, 0) -> 0 | Z129: =IF(P129="잡비제외분", F129, 0) -> 0 | AA129: =IF(P129="사급자재대", L129, 0) -> 0 | AB129: =IF(P129="관급자재대", L129, 0) -> 0 | AC129: =IF(P129="관급자관급", L129, 0) -> 0 | AD129: =IF(P129="품질시험비", L129, 0) -> 0 | AE129: =IF(P129="수도광열비", L129, 0) -> 0 | AF129: =IF(P129="공기중석면농도측정비", L129, 0) -> 0 | AG129: =IF(P129="사용자항목5", L129, 0) -> 0 | AH129: =IF(P129="사용자항목6", L129, 0) -> 0 | AI129: =IF(P129="사용자항목7", L129, 0) -> 0 | AJ129: =IF(P129="관급자재대2", L129, 0) -> 0 | AK129: =IF(P129="작업부산물", L129, 0) -> 0 | AL129: =IF(P129="해체계획비및검토비", L129, 0) -> 0 | AM129: =IF(P129="사용자항목11", L129, 0) -> 0 | AN129: =IF(P129="사용자항목12", L129, 0) -> 0 | AO129: =IF(P129="사용자항목13", L129, 0) -> 0 | AP129: =IF(P129="사용자항목14", L129, 0) -> 0 | AQ129: =IF(P129="사용자항목15", L129, 0) -> 0 | AR129: =IF(P129="사용자항목16", L129, 0) -> 0 | AS129: =IF(P129="사용자항목17", L129, 0) -> 0 | AT129: =IF(P129="사용자항목18", L129, 0) -> 0 | AU129: =IF(P129="사용자항목19", L129, 0) -> 0 | AY129: KDJ
A130: 기술실 선반제작설치 | B130: 3.6*1.0*0.55 | C130: EA | D130: 1 | M130: 일위 44호 | O130: ="" | P130: 기계경비 | Q130: 1 | R130: =IF(P130="기계경비", J130, 0) -> 0 | S130: =IF(P130="운반비", L130, 0) -> 0 | T130: =IF(P130="작업부산물", F130, 0) -> 0 | U130: =IF(P130="관급", F130, 0) -> 0 | V130: =IF(P130="외주비", J130, 0) -> 0 | W130: =IF(P130="장비비", J130, 0) -> 0 | X130: =IF(P130="폐기물처리비", L130, 0) -> 0 | Y130: =IF(P130="가설비", J130, 0) -> 0 | Z130: =IF(P130="잡비제외분", F130, 0) -> 0 | AA130: =IF(P130="사급자재대", L130, 0) -> 0 | AB130: =IF(P130="관급자재대", L130, 0) -> 0 | AC130: =IF(P130="관급자관급", L130, 0) -> 0 | AD130: =IF(P130="품질시험비", L130, 0) -> 0 | AE130: =IF(P130="수도광열비", L130, 0) -> 0 | AF130: =IF(P130="공기중석면농도측정비", L130, 0) -> 0 | AG130: =IF(P130="사용자항목5", L130, 0) -> 0 | AH130: =IF(P130="사용자항목6", L130, 0) -> 0 | AI130: =IF(P130="사용자항목7", L130, 0) -> 0 | AJ130: =IF(P130="관급자재대2", L130, 0) -> 0 | AK130: =IF(P130="작업부산물", L130, 0) -> 0 | AL130: =IF(P130="해체계획비및검토비", L130, 0) -> 0 | AM130: =IF(P130="사용자항목11", L130, 0) -> 0 | AN130: =IF(P130="사용자항목12", L130, 0) -> 0 | AO130: =IF(P130="사용자항목13", L130, 0) -> 0 | AP130: =IF(P130="사용자항목14", L130, 0) -> 0 | AQ130: =IF(P130="사용자항목15", L130, 0) -> 0 | AR130: =IF(P130="사용자항목16", L130, 0) -> 0 | AS130: =IF(P130="사용자항목17", L130, 0) -> 0 | AT130: =IF(P130="사용자항목18", L130, 0) -> 0 | AU130: =IF(P130="사용자항목19", L130, 0) -> 0
A131: 바탕만들기+수성페인트 롤러칠(진품) | B131: 내부 2회, con'c·mortar면, 친환경 | C131: M2 | D131: 16.2 | M131: 일위 45호 | O131: ="" | P131: 기계경비 | Q131: 1 | R131: =IF(P131="기계경비", J131, 0) -> 0 | S131: =IF(P131="운반비", L131, 0) -> 0 | T131: =IF(P131="작업부산물", F131, 0) -> 0 | U131: =IF(P131="관급", F131, 0) -> 0 | V131: =IF(P131="외주비", J131, 0) -> 0 | W131: =IF(P131="장비비", J131, 0) -> 0 | X131: =IF(P131="폐기물처리비", L131, 0) -> 0 | Y131: =IF(P131="가설비", J131, 0) -> 0 | Z131: =IF(P131="잡비제외분", F131, 0) -> 0 | AA131: =IF(P131="사급자재대", L131, 0) -> 0 | AB131: =IF(P131="관급자재대", L131, 0) -> 0 | AC131: =IF(P131="관급자관급", L131, 0) -> 0 | AD131: =IF(P131="품질시험비", L131, 0) -> 0 | AE131: =IF(P131="수도광열비", L131, 0) -> 0 | AF131: =IF(P131="공기중석면농도측정비", L131, 0) -> 0 | AG131: =IF(P131="사용자항목5", L131, 0) -> 0 | AH131: =IF(P131="사용자항목6", L131, 0) -> 0 | AI131: =IF(P131="사용자항목7", L131, 0) -> 0 | AJ131: =IF(P131="관급자재대2", L131, 0) -> 0 | AK131: =IF(P131="작업부산물", L131, 0) -> 0 | AL131: =IF(P131="해체계획비및검토비", L131, 0) -> 0 | AM131: =IF(P131="사용자항목11", L131, 0) -> 0 | AN131: =IF(P131="사용자항목12", L131, 0) -> 0 | AO131: =IF(P131="사용자항목13", L131, 0) -> 0 | AP131: =IF(P131="사용자항목14", L131, 0) -> 0 | AQ131: =IF(P131="사용자항목15", L131, 0) -> 0 | AR131: =IF(P131="사용자항목16", L131, 0) -> 0 | AS131: =IF(P131="사용자항목17", L131, 0) -> 0 | AT131: =IF(P131="사용자항목18", L131, 0) -> 0 | AU131: =IF(P131="사용자항목19", L131, 0) -> 0
A132: 바탕만들기+수성페인트 롤러칠(진품) | B132: 내부 2회, G.B.면 줄퍼티, 친환경 | C132: M2 | D132: 60.6 | M132: 일위 46호 | O132: ="" | P132: 기계경비 | Q132: 1 | R132: =IF(P132="기계경비", J132, 0) -> 0 | S132: =IF(P132="운반비", L132, 0) -> 0 | T132: =IF(P132="작업부산물", F132, 0) -> 0 | U132: =IF(P132="관급", F132, 0) -> 0 | V132: =IF(P132="외주비", J132, 0) -> 0 | W132: =IF(P132="장비비", J132, 0) -> 0 | X132: =IF(P132="폐기물처리비", L132, 0) -> 0 | Y132: =IF(P132="가설비", J132, 0) -> 0 | Z132: =IF(P132="잡비제외분", F132, 0) -> 0 | AA132: =IF(P132="사급자재대", L132, 0) -> 0 | AB132: =IF(P132="관급자재대", L132, 0) -> 0 | AC132: =IF(P132="관급자관급", L132, 0) -> 0 | AD132: =IF(P132="품질시험비", L132, 0) -> 0 | AE132: =IF(P132="수도광열비", L132, 0) -> 0 | AF132: =IF(P132="공기중석면농도측정비", L132, 0) -> 0 | AG132: =IF(P132="사용자항목5", L132, 0) -> 0 | AH132: =IF(P132="사용자항목6", L132, 0) -> 0 | AI132: =IF(P132="사용자항목7", L132, 0) -> 0 | AJ132: =IF(P132="관급자재대2", L132, 0) -> 0 | AK132: =IF(P132="작업부산물", L132, 0) -> 0 | AL132: =IF(P132="해체계획비및검토비", L132, 0) -> 0 | AM132: =IF(P132="사용자항목11", L132, 0) -> 0 | AN132: =IF(P132="사용자항목12", L132, 0) -> 0 | AO132: =IF(P132="사용자항목13", L132, 0) -> 0 | AP132: =IF(P132="사용자항목14", L132, 0) -> 0 | AQ132: =IF(P132="사용자항목15", L132, 0) -> 0 | AR132: =IF(P132="사용자항목16", L132, 0) -> 0 | AS132: =IF(P132="사용자항목17", L132, 0) -> 0 | AT132: =IF(P132="사용자항목18", L132, 0) -> 0 | AU132: =IF(P132="사용자항목19", L132, 0) -> 0
A133: 바탕만들기+수성페인트 롤러칠 | B133: 내천장 2회, G.B.면 줄퍼티, 친환경 | C133: M2 | D133: 142.7 | M133: 일위 47호 | O133: ="" | P133: 기계경비 | Q133: 1 | R133: =IF(P133="기계경비", J133, 0) -> 0 | S133: =IF(P133="운반비", L133, 0) -> 0 | T133: =IF(P133="작업부산물", F133, 0) -> 0 | U133: =IF(P133="관급", F133, 0) -> 0 | V133: =IF(P133="외주비", J133, 0) -> 0 | W133: =IF(P133="장비비", J133, 0) -> 0 | X133: =IF(P133="폐기물처리비", L133, 0) -> 0 | Y133: =IF(P133="가설비", J133, 0) -> 0 | Z133: =IF(P133="잡비제외분", F133, 0) -> 0 | AA133: =IF(P133="사급자재대", L133, 0) -> 0 | AB133: =IF(P133="관급자재대", L133, 0) -> 0 | AC133: =IF(P133="관급자관급", L133, 0) -> 0 | AD133: =IF(P133="품질시험비", L133, 0) -> 0 | AE133: =IF(P133="수도광열비", L133, 0) -> 0 | AF133: =IF(P133="공기중석면농도측정비", L133, 0) -> 0 | AG133: =IF(P133="사용자항목5", L133, 0) -> 0 | AH133: =IF(P133="사용자항목6", L133, 0) -> 0 | AI133: =IF(P133="사용자항목7", L133, 0) -> 0 | AJ133: =IF(P133="관급자재대2", L133, 0) -> 0 | AK133: =IF(P133="작업부산물", L133, 0) -> 0 | AL133: =IF(P133="해체계획비및검토비", L133, 0) -> 0 | AM133: =IF(P133="사용자항목11", L133, 0) -> 0 | AN133: =IF(P133="사용자항목12", L133, 0) -> 0 | AO133: =IF(P133="사용자항목13", L133, 0) -> 0 | AP133: =IF(P133="사용자항목14", L133, 0) -> 0 | AQ133: =IF(P133="사용자항목15", L133, 0) -> 0 | AR133: =IF(P133="사용자항목16", L133, 0) -> 0 | AS133: =IF(P133="사용자항목17", L133, 0) -> 0 | AT133: =IF(P133="사용자항목18", L133, 0) -> 0 | AU133: =IF(P133="사용자항목19", L133, 0) -> 0
A134: 콘센트박스 마감 | B134: 220*220,방염필름 | C134: M2 | D134: 9 | M134: 일위 48호 | O134: ="" | P134: 기계경비 | Q134: 1 | R134: =IF(P134="기계경비", J134, 0) -> 0 | S134: =IF(P134="운반비", L134, 0) -> 0 | T134: =IF(P134="작업부산물", F134, 0) -> 0 | U134: =IF(P134="관급", F134, 0) -> 0 | V134: =IF(P134="외주비", J134, 0) -> 0 | W134: =IF(P134="장비비", J134, 0) -> 0 | X134: =IF(P134="폐기물처리비", L134, 0) -> 0 | Y134: =IF(P134="가설비", J134, 0) -> 0 | Z134: =IF(P134="잡비제외분", F134, 0) -> 0 | AA134: =IF(P134="사급자재대", L134, 0) -> 0 | AB134: =IF(P134="관급자재대", L134, 0) -> 0 | AC134: =IF(P134="관급자관급", L134, 0) -> 0 | AD134: =IF(P134="품질시험비", L134, 0) -> 0 | AE134: =IF(P134="수도광열비", L134, 0) -> 0 | AF134: =IF(P134="공기중석면농도측정비", L134, 0) -> 0 | AG134: =IF(P134="사용자항목5", L134, 0) -> 0 | AH134: =IF(P134="사용자항목6", L134, 0) -> 0 | AI134: =IF(P134="사용자항목7", L134, 0) -> 0 | AJ134: =IF(P134="관급자재대2", L134, 0) -> 0 | AK134: =IF(P134="작업부산물", L134, 0) -> 0 | AL134: =IF(P134="해체계획비및검토비", L134, 0) -> 0 | AM134: =IF(P134="사용자항목11", L134, 0) -> 0 | AN134: =IF(P134="사용자항목12", L134, 0) -> 0 | AO134: =IF(P134="사용자항목13", L134, 0) -> 0 | AP134: =IF(P134="사용자항목14", L134, 0) -> 0 | AQ134: =IF(P134="사용자항목15", L134, 0) -> 0 | AR134: =IF(P134="사용자항목16", L134, 0) -> 0 | AS134: =IF(P134="사용자항목17", L134, 0) -> 0 | AT134: =IF(P134="사용자항목18", L134, 0) -> 0 | AU134: =IF(P134="사용자항목19", L134, 0) -> 0 | AY134: KDJ
A135: 등기구박스 보강 | B135: 미송,30*30*2줄 | C135: M | D135: 65 | M135: 일위 49호 | O135: ="" | P135: 기계경비 | Q135: 1 | R135: =IF(P135="기계경비", J135, 0) -> 0 | S135: =IF(P135="운반비", L135, 0) -> 0 | T135: =IF(P135="작업부산물", F135, 0) -> 0 | U135: =IF(P135="관급", F135, 0) -> 0 | V135: =IF(P135="외주비", J135, 0) -> 0 | W135: =IF(P135="장비비", J135, 0) -> 0 | X135: =IF(P135="폐기물처리비", L135, 0) -> 0 | Y135: =IF(P135="가설비", J135, 0) -> 0 | Z135: =IF(P135="잡비제외분", F135, 0) -> 0 | AA135: =IF(P135="사급자재대", L135, 0) -> 0 | AB135: =IF(P135="관급자재대", L135, 0) -> 0 | AC135: =IF(P135="관급자관급", L135, 0) -> 0 | AD135: =IF(P135="품질시험비", L135, 0) -> 0 | AE135: =IF(P135="수도광열비", L135, 0) -> 0 | AF135: =IF(P135="공기중석면농도측정비", L135, 0) -> 0 | AG135: =IF(P135="사용자항목5", L135, 0) -> 0 | AH135: =IF(P135="사용자항목6", L135, 0) -> 0 | AI135: =IF(P135="사용자항목7", L135, 0) -> 0 | AJ135: =IF(P135="관급자재대2", L135, 0) -> 0 | AK135: =IF(P135="작업부산물", L135, 0) -> 0 | AL135: =IF(P135="해체계획비및검토비", L135, 0) -> 0 | AM135: =IF(P135="사용자항목11", L135, 0) -> 0 | AN135: =IF(P135="사용자항목12", L135, 0) -> 0 | AO135: =IF(P135="사용자항목13", L135, 0) -> 0 | AP135: =IF(P135="사용자항목14", L135, 0) -> 0 | AQ135: =IF(P135="사용자항목15", L135, 0) -> 0 | AR135: =IF(P135="사용자항목16", L135, 0) -> 0 | AS135: =IF(P135="사용자항목17", L135, 0) -> 0 | AT135: =IF(P135="사용자항목18", L135, 0) -> 0 | AU135: =IF(P135="사용자항목19", L135, 0) -> 0 | AY135: KDJ
A136: 등기구박스 | B136: 100*150,갈바륨강판1.2t 도장포함 | C136: M | D136: 9.6 | M136: 일위 50호 | O136: ="" | P136: 기계경비 | Q136: 1 | R136: =IF(P136="기계경비", J136, 0) -> 0 | S136: =IF(P136="운반비", L136, 0) -> 0 | T136: =IF(P136="작업부산물", F136, 0) -> 0 | U136: =IF(P136="관급", F136, 0) -> 0 | V136: =IF(P136="외주비", J136, 0) -> 0 | W136: =IF(P136="장비비", J136, 0) -> 0 | X136: =IF(P136="폐기물처리비", L136, 0) -> 0 | Y136: =IF(P136="가설비", J136, 0) -> 0 | Z136: =IF(P136="잡비제외분", F136, 0) -> 0 | AA136: =IF(P136="사급자재대", L136, 0) -> 0 | AB136: =IF(P136="관급자재대", L136, 0) -> 0 | AC136: =IF(P136="관급자관급", L136, 0) -> 0 | AD136: =IF(P136="품질시험비", L136, 0) -> 0 | AE136: =IF(P136="수도광열비", L136, 0) -> 0 | AF136: =IF(P136="공기중석면농도측정비", L136, 0) -> 0 | AG136: =IF(P136="사용자항목5", L136, 0) -> 0 | AH136: =IF(P136="사용자항목6", L136, 0) -> 0 | AI136: =IF(P136="사용자항목7", L136, 0) -> 0 | AJ136: =IF(P136="관급자재대2", L136, 0) -> 0 | AK136: =IF(P136="작업부산물", L136, 0) -> 0 | AL136: =IF(P136="해체계획비및검토비", L136, 0) -> 0 | AM136: =IF(P136="사용자항목11", L136, 0) -> 0 | AN136: =IF(P136="사용자항목12", L136, 0) -> 0 | AO136: =IF(P136="사용자항목13", L136, 0) -> 0 | AP136: =IF(P136="사용자항목14", L136, 0) -> 0 | AQ136: =IF(P136="사용자항목15", L136, 0) -> 0 | AR136: =IF(P136="사용자항목16", L136, 0) -> 0 | AS136: =IF(P136="사용자항목17", L136, 0) -> 0 | AT136: =IF(P136="사용자항목18", L136, 0) -> 0 | AU136: =IF(P136="사용자항목19", L136, 0) -> 0 | AY136: KDJ
A137: 천장점검구 설치 | B137: AL 백색, 600*600mm | C137: 개소 | D137: 3 | M137: 일위 51호 | O137: ="" | P137: 기계경비 | Q137: 1 | R137: =IF(P137="기계경비", J137, 0) -> 0 | S137: =IF(P137="운반비", L137, 0) -> 0 | T137: =IF(P137="작업부산물", F137, 0) -> 0 | U137: =IF(P137="관급", F137, 0) -> 0 | V137: =IF(P137="외주비", J137, 0) -> 0 | W137: =IF(P137="장비비", J137, 0) -> 0 | X137: =IF(P137="폐기물처리비", L137, 0) -> 0 | Y137: =IF(P137="가설비", J137, 0) -> 0 | Z137: =IF(P137="잡비제외분", F137, 0) -> 0 | AA137: =IF(P137="사급자재대", L137, 0) -> 0 | AB137: =IF(P137="관급자재대", L137, 0) -> 0 | AC137: =IF(P137="관급자관급", L137, 0) -> 0 | AD137: =IF(P137="품질시험비", L137, 0) -> 0 | AE137: =IF(P137="수도광열비", L137, 0) -> 0 | AF137: =IF(P137="공기중석면농도측정비", L137, 0) -> 0 | AG137: =IF(P137="사용자항목5", L137, 0) -> 0 | AH137: =IF(P137="사용자항목6", L137, 0) -> 0 | AI137: =IF(P137="사용자항목7", L137, 0) -> 0 | AJ137: =IF(P137="관급자재대2", L137, 0) -> 0 | AK137: =IF(P137="작업부산물", L137, 0) -> 0 | AL137: =IF(P137="해체계획비및검토비", L137, 0) -> 0 | AM137: =IF(P137="사용자항목11", L137, 0) -> 0 | AN137: =IF(P137="사용자항목12", L137, 0) -> 0 | AO137: =IF(P137="사용자항목13", L137, 0) -> 0 | AP137: =IF(P137="사용자항목14", L137, 0) -> 0 | AQ137: =IF(P137="사용자항목15", L137, 0) -> 0 | AR137: =IF(P137="사용자항목16", L137, 0) -> 0 | AS137: =IF(P137="사용자항목17", L137, 0) -> 0 | AT137: =IF(P137="사용자항목18", L137, 0) -> 0 | AU137: =IF(P137="사용자항목19", L137, 0) -> 0
A138: 액자레일 설치 | C138: M | D138: 7.6 | M138: 일위 52호 | O138: ="" | P138: 기계경비 | Q138: 1 | R138: =IF(P138="기계경비", J138, 0) -> 0 | S138: =IF(P138="운반비", L138, 0) -> 0 | T138: =IF(P138="작업부산물", F138, 0) -> 0 | U138: =IF(P138="관급", F138, 0) -> 0 | V138: =IF(P138="외주비", J138, 0) -> 0 | W138: =IF(P138="장비비", J138, 0) -> 0 | X138: =IF(P138="폐기물처리비", L138, 0) -> 0 | Y138: =IF(P138="가설비", J138, 0) -> 0 | Z138: =IF(P138="잡비제외분", F138, 0) -> 0 | AA138: =IF(P138="사급자재대", L138, 0) -> 0 | AB138: =IF(P138="관급자재대", L138, 0) -> 0 | AC138: =IF(P138="관급자관급", L138, 0) -> 0 | AD138: =IF(P138="품질시험비", L138, 0) -> 0 | AE138: =IF(P138="수도광열비", L138, 0) -> 0 | AF138: =IF(P138="공기중석면농도측정비", L138, 0) -> 0 | AG138: =IF(P138="사용자항목5", L138, 0) -> 0 | AH138: =IF(P138="사용자항목6", L138, 0) -> 0 | AI138: =IF(P138="사용자항목7", L138, 0) -> 0 | AJ138: =IF(P138="관급자재대2", L138, 0) -> 0 | AK138: =IF(P138="작업부산물", L138, 0) -> 0 | AL138: =IF(P138="해체계획비및검토비", L138, 0) -> 0 | AM138: =IF(P138="사용자항목11", L138, 0) -> 0 | AN138: =IF(P138="사용자항목12", L138, 0) -> 0 | AO138: =IF(P138="사용자항목13", L138, 0) -> 0 | AP138: =IF(P138="사용자항목14", L138, 0) -> 0 | AQ138: =IF(P138="사용자항목15", L138, 0) -> 0 | AR138: =IF(P138="사용자항목16", L138, 0) -> 0 | AS138: =IF(P138="사용자항목17", L138, 0) -> 0 | AT138: =IF(P138="사용자항목18", L138, 0) -> 0 | AU138: =IF(P138="사용자항목19", L138, 0) -> 0 | AY138: KDJ
A158: 합 계 | F158: =ROUNDDOWN(SUMIF(Q116:Q157, "1", F116:F157), 0) -> 0 | H158: =ROUNDDOWN(SUMIF(Q116:Q157, "1", H116:H157), 0) -> 0 | J158: =ROUNDDOWN(SUMIF(Q116:Q157, "1", J116:J157), 0) -> 0 | L158: =F158+H158+J158 -> 0 | R158: =ROUNDDOWN(SUM(R116:R138), 0) -> 0 | S158: =ROUNDDOWN(SUM(S116:S138), 0) -> 0 | T158: =ROUNDDOWN(SUM(T116:T138), 0) -> 0 | U158: =ROUNDDOWN(SUM(U116:U138), 0) -> 0 | V158: =ROUNDDOWN(SUM(V116:V138), 0) -> 0 | W158: =ROUNDDOWN(SUM(W116:W138), 0) -> 0 | X158: =ROUNDDOWN(SUM(X116:X138), 0) -> 0 | Y158: =ROUNDDOWN(SUM(Y116:Y138), 0) -> 0 | ... AY158: =ROUNDDOWN(SUM(AY116:AY138), 0) -> 0
A159: 1. 건축공사 > 7. 장비실
A160: 모르타르 바름 | B160: 바닥, 24mm | C160: M2 | D160: 0.9 | M160: 일위 32호 | O160: ="" | P160: 기계경비 | Q160: 1 | R160: =IF(P160="기계경비", J160, 0) -> 0 | S160: =IF(P160="운반비", L160, 0) -> 0 | T160: =IF(P160="작업부산물", F160, 0) -> 0 | U160: =IF(P160="관급", F160, 0) -> 0 | V160: =IF(P160="외주비", J160, 0) -> 0 | W160: =IF(P160="장비비", J160, 0) -> 0 | X160: =IF(P160="폐기물처리비", L160, 0) -> 0 | Y160: =IF(P160="가설비", J160, 0) -> 0 | Z160: =IF(P160="잡비제외분", F160, 0) -> 0 | AA160: =IF(P160="사급자재대", L160, 0) -> 0 | AB160: =IF(P160="관급자재대", L160, 0) -> 0 | AC160: =IF(P160="관급자관급", L160, 0) -> 0 | AD160: =IF(P160="품질시험비", L160, 0) -> 0 | AE160: =IF(P160="수도광열비", L160, 0) -> 0 | AF160: =IF(P160="공기중석면농도측정비", L160, 0) -> 0 | AG160: =IF(P160="사용자항목5", L160, 0) -> 0 | AH160: =IF(P160="사용자항목6", L160, 0) -> 0 | AI160: =IF(P160="사용자항목7", L160, 0) -> 0 | AJ160: =IF(P160="관급자재대2", L160, 0) -> 0 | AK160: =IF(P160="작업부산물", L160, 0) -> 0 | AL160: =IF(P160="해체계획비및검토비", L160, 0) -> 0 | AM160: =IF(P160="사용자항목11", L160, 0) -> 0 | AN160: =IF(P160="사용자항목12", L160, 0) -> 0 | AO160: =IF(P160="사용자항목13", L160, 0) -> 0 | AP160: =IF(P160="사용자항목14", L160, 0) -> 0 | AQ160: =IF(P160="사용자항목15", L160, 0) -> 0 | AR160: =IF(P160="사용자항목16", L160, 0) -> 0 | AS160: =IF(P160="사용자항목17", L160, 0) -> 0 | AT160: =IF(P160="사용자항목18", L160, 0) -> 0 | AU160: =IF(P160="사용자항목19", L160, 0) -> 0
A161: 비닐타일 깔기 | B161: 비닐타일, 3*450*450mm, 데코타일 | C161: M2 | D161: 39.4 | M161: 일위 33호 | O161: ="" | P161: 기계경비 | Q161: 1 | R161: =IF(P161="기계경비", J161, 0) -> 0 | S161: =IF(P161="운반비", L161, 0) -> 0 | T161: =IF(P161="작업부산물", F161, 0) -> 0 | U161: =IF(P161="관급", F161, 0) -> 0 | V161: =IF(P161="외주비", J161, 0) -> 0 | W161: =IF(P161="장비비", J161, 0) -> 0 | X161: =IF(P161="폐기물처리비", L161, 0) -> 0 | Y161: =IF(P161="가설비", J161, 0) -> 0 | Z161: =IF(P161="잡비제외분", F161, 0) -> 0 | AA161: =IF(P161="사급자재대", L161, 0) -> 0 | AB161: =IF(P161="관급자재대", L161, 0) -> 0 | AC161: =IF(P161="관급자관급", L161, 0) -> 0 | AD161: =IF(P161="품질시험비", L161, 0) -> 0 | AE161: =IF(P161="수도광열비", L161, 0) -> 0 | AF161: =IF(P161="공기중석면농도측정비", L161, 0) -> 0 | AG161: =IF(P161="사용자항목5", L161, 0) -> 0 | AH161: =IF(P161="사용자항목6", L161, 0) -> 0 | AI161: =IF(P161="사용자항목7", L161, 0) -> 0 | AJ161: =IF(P161="관급자재대2", L161, 0) -> 0 | AK161: =IF(P161="작업부산물", L161, 0) -> 0 | AL161: =IF(P161="해체계획비및검토비", L161, 0) -> 0 | AM161: =IF(P161="사용자항목11", L161, 0) -> 0 | AN161: =IF(P161="사용자항목12", L161, 0) -> 0 | AO161: =IF(P161="사용자항목13", L161, 0) -> 0 | AP161: =IF(P161="사용자항목14", L161, 0) -> 0 | AQ161: =IF(P161="사용자항목15", L161, 0) -> 0 | AR161: =IF(P161="사용자항목16", L161, 0) -> 0 | AS161: =IF(P161="사용자항목17", L161, 0) -> 0 | AT161: =IF(P161="사용자항목18", L161, 0) -> 0 | AU161: =IF(P161="사용자항목19", L161, 0) -> 0
A162: 모르타르 바름 | B162: 내벽, 11mm, 3.6m 이하 | C162: M2 | D162: 1.3 | M162: 일위 34호 | O162: ="" | P162: 기계경비 | Q162: 1 | R162: =IF(P162="기계경비", J162, 0) -> 0 | S162: =IF(P162="운반비", L162, 0) -> 0 | T162: =IF(P162="작업부산물", F162, 0) -> 0 | U162: =IF(P162="관급", F162, 0) -> 0 | V162: =IF(P162="외주비", J162, 0) -> 0 | W162: =IF(P162="장비비", J162, 0) -> 0 | X162: =IF(P162="폐기물처리비", L162, 0) -> 0 | Y162: =IF(P162="가설비", J162, 0) -> 0 | Z162: =IF(P162="잡비제외분", F162, 0) -> 0 | AA162: =IF(P162="사급자재대", L162, 0) -> 0 | AB162: =IF(P162="관급자재대", L162, 0) -> 0 | AC162: =IF(P162="관급자관급", L162, 0) -> 0 | AD162: =IF(P162="품질시험비", L162, 0) -> 0 | AE162: =IF(P162="수도광열비", L162, 0) -> 0 | AF162: =IF(P162="공기중석면농도측정비", L162, 0) -> 0 | AG162: =IF(P162="사용자항목5", L162, 0) -> 0 | AH162: =IF(P162="사용자항목6", L162, 0) -> 0 | AI162: =IF(P162="사용자항목7", L162, 0) -> 0 | AJ162: =IF(P162="관급자재대2", L162, 0) -> 0 | AK162: =IF(P162="작업부산물", L162, 0) -> 0 | AL162: =IF(P162="해체계획비및검토비", L162, 0) -> 0 | AM162: =IF(P162="사용자항목11", L162, 0) -> 0 | AN162: =IF(P162="사용자항목12", L162, 0) -> 0 | AO162: =IF(P162="사용자항목13", L162, 0) -> 0 | AP162: =IF(P162="사용자항목14", L162, 0) -> 0 | AQ162: =IF(P162="사용자항목15", L162, 0) -> 0 | AR162: =IF(P162="사용자항목16", L162, 0) -> 0 | AS162: =IF(P162="사용자항목17", L162, 0) -> 0 | AT162: =IF(P162="사용자항목18", L162, 0) -> 0 | AU162: =IF(P162="사용자항목19", L162, 0) -> 0
A163: 경량철골천정틀 | B163: M-BAR, H:1m미만. 인써트 유 | C163: M2 | D163: 39.4 | M163: 일위 37호 | O163: ="" | P163: 기계경비 | Q163: 1 | R163: =IF(P163="기계경비", J163, 0) -> 0 | S163: =IF(P163="운반비", L163, 0) -> 0 | T163: =IF(P163="작업부산물", F163, 0) -> 0 | U163: =IF(P163="관급", F163, 0) -> 0 | V163: =IF(P163="외주비", J163, 0) -> 0 | W163: =IF(P163="장비비", J163, 0) -> 0 | X163: =IF(P163="폐기물처리비", L163, 0) -> 0 | Y163: =IF(P163="가설비", J163, 0) -> 0 | Z163: =IF(P163="잡비제외분", F163, 0) -> 0 | AA163: =IF(P163="사급자재대", L163, 0) -> 0 | AB163: =IF(P163="관급자재대", L163, 0) -> 0 | AC163: =IF(P163="관급자관급", L163, 0) -> 0 | AD163: =IF(P163="품질시험비", L163, 0) -> 0 | AE163: =IF(P163="수도광열비", L163, 0) -> 0 | AF163: =IF(P163="공기중석면농도측정비", L163, 0) -> 0 | AG163: =IF(P163="사용자항목5", L163, 0) -> 0 | AH163: =IF(P163="사용자항목6", L163, 0) -> 0 | AI163: =IF(P163="사용자항목7", L163, 0) -> 0 | AJ163: =IF(P163="관급자재대2", L163, 0) -> 0 | AK163: =IF(P163="작업부산물", L163, 0) -> 0 | AL163: =IF(P163="해체계획비및검토비", L163, 0) -> 0 | AM163: =IF(P163="사용자항목11", L163, 0) -> 0 | AN163: =IF(P163="사용자항목12", L163, 0) -> 0 | AO163: =IF(P163="사용자항목13", L163, 0) -> 0 | AP163: =IF(P163="사용자항목14", L163, 0) -> 0 | AQ163: =IF(P163="사용자항목15", L163, 0) -> 0 | AR163: =IF(P163="사용자항목16", L163, 0) -> 0 | AS163: =IF(P163="사용자항목17", L163, 0) -> 0 | AT163: =IF(P163="사용자항목18", L163, 0) -> 0 | AU163: =IF(P163="사용자항목19", L163, 0) -> 0
A164: 불연천장재 설치 | B164: 9mm | C164: M2 | D164: 39.4 | M164: 일위 53호 | O164: ="" | P164: 기계경비 | Q164: 1 | R164: =IF(P164="기계경비", J164, 0) -> 0 | S164: =IF(P164="운반비", L164, 0) -> 0 | T164: =IF(P164="작업부산물", F164, 0) -> 0 | U164: =IF(P164="관급", F164, 0) -> 0 | V164: =IF(P164="외주비", J164, 0) -> 0 | W164: =IF(P164="장비비", J164, 0) -> 0 | X164: =IF(P164="폐기물처리비", L164, 0) -> 0 | Y164: =IF(P164="가설비", J164, 0) -> 0 | Z164: =IF(P164="잡비제외분", F164, 0) -> 0 | AA164: =IF(P164="사급자재대", L164, 0) -> 0 | AB164: =IF(P164="관급자재대", L164, 0) -> 0 | AC164: =IF(P164="관급자관급", L164, 0) -> 0 | AD164: =IF(P164="품질시험비", L164, 0) -> 0 | AE164: =IF(P164="수도광열비", L164, 0) -> 0 | AF164: =IF(P164="공기중석면농도측정비", L164, 0) -> 0 | AG164: =IF(P164="사용자항목5", L164, 0) -> 0 | AH164: =IF(P164="사용자항목6", L164, 0) -> 0 | AI164: =IF(P164="사용자항목7", L164, 0) -> 0 | AJ164: =IF(P164="관급자재대2", L164, 0) -> 0 | AK164: =IF(P164="작업부산물", L164, 0) -> 0 | AL164: =IF(P164="해체계획비및검토비", L164, 0) -> 0 | AM164: =IF(P164="사용자항목11", L164, 0) -> 0 | AN164: =IF(P164="사용자항목12", L164, 0) -> 0 | AO164: =IF(P164="사용자항목13", L164, 0) -> 0 | AP164: =IF(P164="사용자항목14", L164, 0) -> 0 | AQ164: =IF(P164="사용자항목15", L164, 0) -> 0 | AR164: =IF(P164="사용자항목16", L164, 0) -> 0 | AS164: =IF(P164="사용자항목17", L164, 0) -> 0 | AT164: =IF(P164="사용자항목18", L164, 0) -> 0 | AU164: =IF(P164="사용자항목19", L164, 0) -> 0 | AY164: KDJ
A165: AL몰딩 설치 | B165: W형, 15*15*15*15*1.0mm | C165: M | D165: 34.1 | M165: 일위 54호 | O165: ="" | P165: 기계경비 | Q165: 1 | R165: =IF(P165="기계경비", J165, 0) -> 0 | S165: =IF(P165="운반비", L165, 0) -> 0 | T165: =IF(P165="작업부산물", F165, 0) -> 0 | U165: =IF(P165="관급", F165, 0) -> 0 | V165: =IF(P165="외주비", J165, 0) -> 0 | W165: =IF(P165="장비비", J165, 0) -> 0 | X165: =IF(P165="폐기물처리비", L165, 0) -> 0 | Y165: =IF(P165="가설비", J165, 0) -> 0 | Z165: =IF(P165="잡비제외분", F165, 0) -> 0 | AA165: =IF(P165="사급자재대", L165, 0) -> 0 | AB165: =IF(P165="관급자재대", L165, 0) -> 0 | AC165: =IF(P165="관급자관급", L165, 0) -> 0 | AD165: =IF(P165="품질시험비", L165, 0) -> 0 | AE165: =IF(P165="수도광열비", L165, 0) -> 0 | AF165: =IF(P165="공기중석면농도측정비", L165, 0) -> 0 | AG165: =IF(P165="사용자항목5", L165, 0) -> 0 | AH165: =IF(P165="사용자항목6", L165, 0) -> 0 | AI165: =IF(P165="사용자항목7", L165, 0) -> 0 | AJ165: =IF(P165="관급자재대2", L165, 0) -> 0 | AK165: =IF(P165="작업부산물", L165, 0) -> 0 | AL165: =IF(P165="해체계획비및검토비", L165, 0) -> 0 | AM165: =IF(P165="사용자항목11", L165, 0) -> 0 | AN165: =IF(P165="사용자항목12", L165, 0) -> 0 | AO165: =IF(P165="사용자항목13", L165, 0) -> 0 | AP165: =IF(P165="사용자항목14", L165, 0) -> 0 | AQ165: =IF(P165="사용자항목15", L165, 0) -> 0 | AR165: =IF(P165="사용자항목16", L165, 0) -> 0 | AS165: =IF(P165="사용자항목17", L165, 0) -> 0 | AT165: =IF(P165="사용자항목18", L165, 0) -> 0 | AU165: =IF(P165="사용자항목19", L165, 0) -> 0
A166: 벽체틀 설치 | B166: 30*30, @450*600 | C166: M2 | D166: 11.1 | M166: 일위 29호 | O166: ="" | P166: 기계경비 | Q166: 1 | R166: =IF(P166="기계경비", J166, 0) -> 0 | S166: =IF(P166="운반비", L166, 0) -> 0 | T166: =IF(P166="작업부산물", F166, 0) -> 0 | U166: =IF(P166="관급", F166, 0) -> 0 | V166: =IF(P166="외주비", J166, 0) -> 0 | W166: =IF(P166="장비비", J166, 0) -> 0 | X166: =IF(P166="폐기물처리비", L166, 0) -> 0 | Y166: =IF(P166="가설비", J166, 0) -> 0 | Z166: =IF(P166="잡비제외분", F166, 0) -> 0 | AA166: =IF(P166="사급자재대", L166, 0) -> 0 | AB166: =IF(P166="관급자재대", L166, 0) -> 0 | AC166: =IF(P166="관급자관급", L166, 0) -> 0 | AD166: =IF(P166="품질시험비", L166, 0) -> 0 | AE166: =IF(P166="수도광열비", L166, 0) -> 0 | AF166: =IF(P166="공기중석면농도측정비", L166, 0) -> 0 | AG166: =IF(P166="사용자항목5", L166, 0) -> 0 | AH166: =IF(P166="사용자항목6", L166, 0) -> 0 | AI166: =IF(P166="사용자항목7", L166, 0) -> 0 | AJ166: =IF(P166="관급자재대2", L166, 0) -> 0 | AK166: =IF(P166="작업부산물", L166, 0) -> 0 | AL166: =IF(P166="해체계획비및검토비", L166, 0) -> 0 | AM166: =IF(P166="사용자항목11", L166, 0) -> 0 | AN166: =IF(P166="사용자항목12", L166, 0) -> 0 | AO166: =IF(P166="사용자항목13", L166, 0) -> 0 | AP166: =IF(P166="사용자항목14", L166, 0) -> 0 | AQ166: =IF(P166="사용자항목15", L166, 0) -> 0 | AR166: =IF(P166="사용자항목16", L166, 0) -> 0 | AS166: =IF(P166="사용자항목17", L166, 0) -> 0 | AT166: =IF(P166="사용자항목18", L166, 0) -> 0 | AU166: =IF(P166="사용자항목19", L166, 0) -> 0
A167: 석고판 설치(나사고정) - 바탕용 | B167: 벽,9.5mm2겹 | C167: M2 | D167: 11.1 | M167: 일위 35호 | O167: ="" | P167: 기계경비 | Q167: 1 | R167: =IF(P167="기계경비", J167, 0) -> 0 | S167: =IF(P167="운반비", L167, 0) -> 0 | T167: =IF(P167="작업부산물", F167, 0) -> 0 | U167: =IF(P167="관급", F167, 0) -> 0 | V167: =IF(P167="외주비", J167, 0) -> 0 | W167: =IF(P167="장비비", J167, 0) -> 0 | X167: =IF(P167="폐기물처리비", L167, 0) -> 0 | Y167: =IF(P167="가설비", J167, 0) -> 0 | Z167: =IF(P167="잡비제외분", F167, 0) -> 0 | AA167: =IF(P167="사급자재대", L167, 0) -> 0 | AB167: =IF(P167="관급자재대", L167, 0) -> 0 | AC167: =IF(P167="관급자관급", L167, 0) -> 0 | AD167: =IF(P167="품질시험비", L167, 0) -> 0 | AE167: =IF(P167="수도광열비", L167, 0) -> 0 | AF167: =IF(P167="공기중석면농도측정비", L167, 0) -> 0 | AG167: =IF(P167="사용자항목5", L167, 0) -> 0 | AH167: =IF(P167="사용자항목6", L167, 0) -> 0 | AI167: =IF(P167="사용자항목7", L167, 0) -> 0 | AJ167: =IF(P167="관급자재대2", L167, 0) -> 0 | AK167: =IF(P167="작업부산물", L167, 0) -> 0 | AL167: =IF(P167="해체계획비및검토비", L167, 0) -> 0 | AM167: =IF(P167="사용자항목11", L167, 0) -> 0 | AN167: =IF(P167="사용자항목12", L167, 0) -> 0 | AO167: =IF(P167="사용자항목13", L167, 0) -> 0 | AP167: =IF(P167="사용자항목14", L167, 0) -> 0 | AQ167: =IF(P167="사용자항목15", L167, 0) -> 0 | AR167: =IF(P167="사용자항목16", L167, 0) -> 0 | AS167: =IF(P167="사용자항목17", L167, 0) -> 0 | AT167: =IF(P167="사용자항목18", L167, 0) -> 0 | AU167: =IF(P167="사용자항목19", L167, 0) -> 0 | AY167: KDJ
A168: 바탕만들기+수성페인트 롤러칠(진품) | B168: 내부 2회, con'c·mortar면, 친환경 | C168: M2 | D168: 35 | M168: 일위 45호 | O168: ="" | P168: 기계경비 | Q168: 1 | R168: =IF(P168="기계경비", J168, 0) -> 0 | S168: =IF(P168="운반비", L168, 0) -> 0 | T168: =IF(P168="작업부산물", F168, 0) -> 0 | U168: =IF(P168="관급", F168, 0) -> 0 | V168: =IF(P168="외주비", J168, 0) -> 0 | W168: =IF(P168="장비비", J168, 0) -> 0 | X168: =IF(P168="폐기물처리비", L168, 0) -> 0 | Y168: =IF(P168="가설비", J168, 0) -> 0 | Z168: =IF(P168="잡비제외분", F168, 0) -> 0 | AA168: =IF(P168="사급자재대", L168, 0) -> 0 | AB168: =IF(P168="관급자재대", L168, 0) -> 0 | AC168: =IF(P168="관급자관급", L168, 0) -> 0 | AD168: =IF(P168="품질시험비", L168, 0) -> 0 | AE168: =IF(P168="수도광열비", L168, 0) -> 0 | AF168: =IF(P168="공기중석면농도측정비", L168, 0) -> 0 | AG168: =IF(P168="사용자항목5", L168, 0) -> 0 | AH168: =IF(P168="사용자항목6", L168, 0) -> 0 | AI168: =IF(P168="사용자항목7", L168, 0) -> 0 | AJ168: =IF(P168="관급자재대2", L168, 0) -> 0 | AK168: =IF(P168="작업부산물", L168, 0) -> 0 | AL168: =IF(P168="해체계획비및검토비", L168, 0) -> 0 | AM168: =IF(P168="사용자항목11", L168, 0) -> 0 | AN168: =IF(P168="사용자항목12", L168, 0) -> 0 | AO168: =IF(P168="사용자항목13", L168, 0) -> 0 | AP168: =IF(P168="사용자항목14", L168, 0) -> 0 | AQ168: =IF(P168="사용자항목15", L168, 0) -> 0 | AR168: =IF(P168="사용자항목16", L168, 0) -> 0 | AS168: =IF(P168="사용자항목17", L168, 0) -> 0 | AT168: =IF(P168="사용자항목18", L168, 0) -> 0 | AU168: =IF(P168="사용자항목19", L168, 0) -> 0
A169: 바탕만들기+걸레받이용 페인트칠 | B169: 붓칠 2회, G.B.면(줄퍼티) | C169: M2 | D169: 3.4 | M169: 일위 55호 | O169: ="" | P169: 기계경비 | Q169: 1 | R169: =IF(P169="기계경비", J169, 0) -> 0 | S169: =IF(P169="운반비", L169, 0) -> 0 | T169: =IF(P169="작업부산물", F169, 0) -> 0 | U169: =IF(P169="관급", F169, 0) -> 0 | V169: =IF(P169="외주비", J169, 0) -> 0 | W169: =IF(P169="장비비", J169, 0) -> 0 | X169: =IF(P169="폐기물처리비", L169, 0) -> 0 | Y169: =IF(P169="가설비", J169, 0) -> 0 | Z169: =IF(P169="잡비제외분", F169, 0) -> 0 | AA169: =IF(P169="사급자재대", L169, 0) -> 0 | AB169: =IF(P169="관급자재대", L169, 0) -> 0 | AC169: =IF(P169="관급자관급", L169, 0) -> 0 | AD169: =IF(P169="품질시험비", L169, 0) -> 0 | AE169: =IF(P169="수도광열비", L169, 0) -> 0 | AF169: =IF(P169="공기중석면농도측정비", L169, 0) -> 0 | AG169: =IF(P169="사용자항목5", L169, 0) -> 0 | AH169: =IF(P169="사용자항목6", L169, 0) -> 0 | AI169: =IF(P169="사용자항목7", L169, 0) -> 0 | AJ169: =IF(P169="관급자재대2", L169, 0) -> 0 | AK169: =IF(P169="작업부산물", L169, 0) -> 0 | AL169: =IF(P169="해체계획비및검토비", L169, 0) -> 0 | AM169: =IF(P169="사용자항목11", L169, 0) -> 0 | AN169: =IF(P169="사용자항목12", L169, 0) -> 0 | AO169: =IF(P169="사용자항목13", L169, 0) -> 0 | AP169: =IF(P169="사용자항목14", L169, 0) -> 0 | AQ169: =IF(P169="사용자항목15", L169, 0) -> 0 | AR169: =IF(P169="사용자항목16", L169, 0) -> 0 | AS169: =IF(P169="사용자항목17", L169, 0) -> 0 | AT169: =IF(P169="사용자항목18", L169, 0) -> 0 | AU169: =IF(P169="사용자항목19", L169, 0) -> 0
A170: 바탕만들기+수성페인트 롤러칠(진품) | B170: 내부 2회, G.B.면 줄퍼티, 친환경 | C170: M2 | D170: 44.6 | M170: 일위 46호 | O170: ="" | P170: 기계경비 | Q170: 1 | R170: =IF(P170="기계경비", J170, 0) -> 0 | S170: =IF(P170="운반비", L170, 0) -> 0 | T170: =IF(P170="작업부산물", F170, 0) -> 0 | U170: =IF(P170="관급", F170, 0) -> 0 | V170: =IF(P170="외주비", J170, 0) -> 0 | W170: =IF(P170="장비비", J170, 0) -> 0 | X170: =IF(P170="폐기물처리비", L170, 0) -> 0 | Y170: =IF(P170="가설비", J170, 0) -> 0 | Z170: =IF(P170="잡비제외분", F170, 0) -> 0 | AA170: =IF(P170="사급자재대", L170, 0) -> 0 | AB170: =IF(P170="관급자재대", L170, 0) -> 0 | AC170: =IF(P170="관급자관급", L170, 0) -> 0 | AD170: =IF(P170="품질시험비", L170, 0) -> 0 | AE170: =IF(P170="수도광열비", L170, 0) -> 0 | AF170: =IF(P170="공기중석면농도측정비", L170, 0) -> 0 | AG170: =IF(P170="사용자항목5", L170, 0) -> 0 | AH170: =IF(P170="사용자항목6", L170, 0) -> 0 | AI170: =IF(P170="사용자항목7", L170, 0) -> 0 | AJ170: =IF(P170="관급자재대2", L170, 0) -> 0 | AK170: =IF(P170="작업부산물", L170, 0) -> 0 | AL170: =IF(P170="해체계획비및검토비", L170, 0) -> 0 | AM170: =IF(P170="사용자항목11", L170, 0) -> 0 | AN170: =IF(P170="사용자항목12", L170, 0) -> 0 | AO170: =IF(P170="사용자항목13", L170, 0) -> 0 | AP170: =IF(P170="사용자항목14", L170, 0) -> 0 | AQ170: =IF(P170="사용자항목15", L170, 0) -> 0 | AR170: =IF(P170="사용자항목16", L170, 0) -> 0 | AS170: =IF(P170="사용자항목17", L170, 0) -> 0 | AT170: =IF(P170="사용자항목18", L170, 0) -> 0 | AU170: =IF(P170="사용자항목19", L170, 0) -> 0
A180: 합 계 | F180: =ROUNDDOWN(SUMIF(Q160:Q179, "1", F160:F179), 0) -> 0 | H180: =ROUNDDOWN(SUMIF(Q160:Q179, "1", H160:H179), 0) -> 0 | J180: =ROUNDDOWN(SUMIF(Q160:Q179, "1", J160:J179), 0) -> 0 | L180: =F180+H180+J180 -> 0 | R180: =ROUNDDOWN(SUM(R160:R170), 0) -> 0 | S180: =ROUNDDOWN(SUM(S160:S170), 0) -> 0 | T180: =ROUNDDOWN(SUM(T160:T170), 0) -> 0 | U180: =ROUNDDOWN(SUM(U160:U170), 0) -> 0 | V180: =ROUNDDOWN(SUM(V160:V170), 0) -> 0 | W180: =ROUNDDOWN(SUM(W160:W170), 0) -> 0 | X180: =ROUNDDOWN(SUM(X160:X170), 0) -> 0 | Y180: =ROUNDDOWN(SUM(Y160:Y170), 0) -> 0 | ... AY180: =ROUNDDOWN(SUM(AY160:AY170), 0) -> 0
A181: 1. 건축공사 > 8. 가구공사
A182: 낮은수납장1 | B182: 3600*600*1000 | C182: EA | D182: 1 | O182: ="" | P182: 기계경비 | Q182: 1 | R182: =IF(P182="기계경비", J182, 0) -> 0 | S182: =IF(P182="운반비", L182, 0) -> 0 | T182: =IF(P182="작업부산물", F182, 0) -> 0 | U182: =IF(P182="관급", F182, 0) -> 0 | V182: =IF(P182="외주비", J182, 0) -> 0 | W182: =IF(P182="장비비", J182, 0) -> 0 | X182: =IF(P182="폐기물처리비", L182, 0) -> 0 | Y182: =IF(P182="가설비", J182, 0) -> 0 | Z182: =IF(P182="잡비제외분", F182, 0) -> 0 | AA182: =IF(P182="사급자재대", L182, 0) -> 0 | AB182: =IF(P182="관급자재대", L182, 0) -> 0 | AC182: =IF(P182="관급자관급", L182, 0) -> 0 | AD182: =IF(P182="품질시험비", L182, 0) -> 0 | AE182: =IF(P182="수도광열비", L182, 0) -> 0 | AF182: =IF(P182="공기중석면농도측정비", L182, 0) -> 0 | AG182: =IF(P182="사용자항목5", L182, 0) -> 0 | AH182: =IF(P182="사용자항목6", L182, 0) -> 0 | AI182: =IF(P182="사용자항목7", L182, 0) -> 0 | AJ182: =IF(P182="관급자재대2", L182, 0) -> 0 | AK182: =IF(P182="작업부산물", L182, 0) -> 0 | AL182: =IF(P182="해체계획비및검토비", L182, 0) -> 0 | AM182: =IF(P182="사용자항목11", L182, 0) -> 0 | AN182: =IF(P182="사용자항목12", L182, 0) -> 0 | AO182: =IF(P182="사용자항목13", L182, 0) -> 0 | AP182: =IF(P182="사용자항목14", L182, 0) -> 0 | AQ182: =IF(P182="사용자항목15", L182, 0) -> 0 | AR182: =IF(P182="사용자항목16", L182, 0) -> 0 | AS182: =IF(P182="사용자항목17", L182, 0) -> 0 | AT182: =IF(P182="사용자항목18", L182, 0) -> 0 | AU182: =IF(P182="사용자항목19", L182, 0) -> 0
A183: 낮은수납장2 | B183: 6400*600*1000 | C183: EA | D183: 1 | O183: ="" | P183: 기계경비 | Q183: 1 | R183: =IF(P183="기계경비", J183, 0) -> 0 | S183: =IF(P183="운반비", L183, 0) -> 0 | T183: =IF(P183="작업부산물", F183, 0) -> 0 | U183: =IF(P183="관급", F183, 0) -> 0 | V183: =IF(P183="외주비", J183, 0) -> 0 | W183: =IF(P183="장비비", J183, 0) -> 0 | X183: =IF(P183="폐기물처리비", L183, 0) -> 0 | Y183: =IF(P183="가설비", J183, 0) -> 0 | Z183: =IF(P183="잡비제외분", F183, 0) -> 0 | AA183: =IF(P183="사급자재대", L183, 0) -> 0 | AB183: =IF(P183="관급자재대", L183, 0) -> 0 | AC183: =IF(P183="관급자관급", L183, 0) -> 0 | AD183: =IF(P183="품질시험비", L183, 0) -> 0 | AE183: =IF(P183="수도광열비", L183, 0) -> 0 | AF183: =IF(P183="공기중석면농도측정비", L183, 0) -> 0 | AG183: =IF(P183="사용자항목5", L183, 0) -> 0 | AH183: =IF(P183="사용자항목6", L183, 0) -> 0 | AI183: =IF(P183="사용자항목7", L183, 0) -> 0 | AJ183: =IF(P183="관급자재대2", L183, 0) -> 0 | AK183: =IF(P183="작업부산물", L183, 0) -> 0 | AL183: =IF(P183="해체계획비및검토비", L183, 0) -> 0 | AM183: =IF(P183="사용자항목11", L183, 0) -> 0 | AN183: =IF(P183="사용자항목12", L183, 0) -> 0 | AO183: =IF(P183="사용자항목13", L183, 0) -> 0 | AP183: =IF(P183="사용자항목14", L183, 0) -> 0 | AQ183: =IF(P183="사용자항목15", L183, 0) -> 0 | AR183: =IF(P183="사용자항목16", L183, 0) -> 0 | AS183: =IF(P183="사용자항목17", L183, 0) -> 0 | AT183: =IF(P183="사용자항목18", L183, 0) -> 0 | AU183: =IF(P183="사용자항목19", L183, 0) -> 0
A184: 씽크대/낮은수납장 | B184: 7630*600*1000 | C184: EA | D184: 1 | O184: ="" | P184: 기계경비 | Q184: 1 | R184: =IF(P184="기계경비", J184, 0) -> 0 | S184: =IF(P184="운반비", L184, 0) -> 0 | T184: =IF(P184="작업부산물", F184, 0) -> 0 | U184: =IF(P184="관급", F184, 0) -> 0 | V184: =IF(P184="외주비", J184, 0) -> 0 | W184: =IF(P184="장비비", J184, 0) -> 0 | X184: =IF(P184="폐기물처리비", L184, 0) -> 0 | Y184: =IF(P184="가설비", J184, 0) -> 0 | Z184: =IF(P184="잡비제외분", F184, 0) -> 0 | AA184: =IF(P184="사급자재대", L184, 0) -> 0 | AB184: =IF(P184="관급자재대", L184, 0) -> 0 | AC184: =IF(P184="관급자관급", L184, 0) -> 0 | AD184: =IF(P184="품질시험비", L184, 0) -> 0 | AE184: =IF(P184="수도광열비", L184, 0) -> 0 | AF184: =IF(P184="공기중석면농도측정비", L184, 0) -> 0 | AG184: =IF(P184="사용자항목5", L184, 0) -> 0 | AH184: =IF(P184="사용자항목6", L184, 0) -> 0 | AI184: =IF(P184="사용자항목7", L184, 0) -> 0 | AJ184: =IF(P184="관급자재대2", L184, 0) -> 0 | AK184: =IF(P184="작업부산물", L184, 0) -> 0 | AL184: =IF(P184="해체계획비및검토비", L184, 0) -> 0 | AM184: =IF(P184="사용자항목11", L184, 0) -> 0 | AN184: =IF(P184="사용자항목12", L184, 0) -> 0 | AO184: =IF(P184="사용자항목13", L184, 0) -> 0 | AP184: =IF(P184="사용자항목14", L184, 0) -> 0 | AQ184: =IF(P184="사용자항목15", L184, 0) -> 0 | AR184: =IF(P184="사용자항목16", L184, 0) -> 0 | AS184: =IF(P184="사용자항목17", L184, 0) -> 0 | AT184: =IF(P184="사용자항목18", L184, 0) -> 0 | AU184: =IF(P184="사용자항목19", L184, 0) -> 0
A185: 낮은수납장 | B185: 2400*600*1000 | C185: EA | D185: 1 | O185: ="" | P185: 기계경비 | Q185: 1 | R185: =IF(P185="기계경비", J185, 0) -> 0 | S185: =IF(P185="운반비", L185, 0) -> 0 | T185: =IF(P185="작업부산물", F185, 0) -> 0 | U185: =IF(P185="관급", F185, 0) -> 0 | V185: =IF(P185="외주비", J185, 0) -> 0 | W185: =IF(P185="장비비", J185, 0) -> 0 | X185: =IF(P185="폐기물처리비", L185, 0) -> 0 | Y185: =IF(P185="가설비", J185, 0) -> 0 | Z185: =IF(P185="잡비제외분", F185, 0) -> 0 | AA185: =IF(P185="사급자재대", L185, 0) -> 0 | AB185: =IF(P185="관급자재대", L185, 0) -> 0 | AC185: =IF(P185="관급자관급", L185, 0) -> 0 | AD185: =IF(P185="품질시험비", L185, 0) -> 0 | AE185: =IF(P185="수도광열비", L185, 0) -> 0 | AF185: =IF(P185="공기중석면농도측정비", L185, 0) -> 0 | AG185: =IF(P185="사용자항목5", L185, 0) -> 0 | AH185: =IF(P185="사용자항목6", L185, 0) -> 0 | AI185: =IF(P185="사용자항목7", L185, 0) -> 0 | AJ185: =IF(P185="관급자재대2", L185, 0) -> 0 | AK185: =IF(P185="작업부산물", L185, 0) -> 0 | AL185: =IF(P185="해체계획비및검토비", L185, 0) -> 0 | AM185: =IF(P185="사용자항목11", L185, 0) -> 0 | AN185: =IF(P185="사용자항목12", L185, 0) -> 0 | AO185: =IF(P185="사용자항목13", L185, 0) -> 0 | AP185: =IF(P185="사용자항목14", L185, 0) -> 0 | AQ185: =IF(P185="사용자항목15", L185, 0) -> 0 | AR185: =IF(P185="사용자항목16", L185, 0) -> 0 | AS185: =IF(P185="사용자항목17", L185, 0) -> 0 | AT185: =IF(P185="사용자항목18", L185, 0) -> 0 | AU185: =IF(P185="사용자항목19", L185, 0) -> 0
A186: 하부장 | B186: 2350*550*1000 | C186: EA | D186: 1 | O186: ="" | P186: 기계경비 | Q186: 1 | R186: =IF(P186="기계경비", J186, 0) -> 0 | S186: =IF(P186="운반비", L186, 0) -> 0 | T186: =IF(P186="작업부산물", F186, 0) -> 0 | U186: =IF(P186="관급", F186, 0) -> 0 | V186: =IF(P186="외주비", J186, 0) -> 0 | W186: =IF(P186="장비비", J186, 0) -> 0 | X186: =IF(P186="폐기물처리비", L186, 0) -> 0 | Y186: =IF(P186="가설비", J186, 0) -> 0 | Z186: =IF(P186="잡비제외분", F186, 0) -> 0 | AA186: =IF(P186="사급자재대", L186, 0) -> 0 | AB186: =IF(P186="관급자재대", L186, 0) -> 0 | AC186: =IF(P186="관급자관급", L186, 0) -> 0 | AD186: =IF(P186="품질시험비", L186, 0) -> 0 | AE186: =IF(P186="수도광열비", L186, 0) -> 0 | AF186: =IF(P186="공기중석면농도측정비", L186, 0) -> 0 | AG186: =IF(P186="사용자항목5", L186, 0) -> 0 | AH186: =IF(P186="사용자항목6", L186, 0) -> 0 | AI186: =IF(P186="사용자항목7", L186, 0) -> 0 | AJ186: =IF(P186="관급자재대2", L186, 0) -> 0 | AK186: =IF(P186="작업부산물", L186, 0) -> 0 | AL186: =IF(P186="해체계획비및검토비", L186, 0) -> 0 | AM186: =IF(P186="사용자항목11", L186, 0) -> 0 | AN186: =IF(P186="사용자항목12", L186, 0) -> 0 | AO186: =IF(P186="사용자항목13", L186, 0) -> 0 | AP186: =IF(P186="사용자항목14", L186, 0) -> 0 | AQ186: =IF(P186="사용자항목15", L186, 0) -> 0 | AR186: =IF(P186="사용자항목16", L186, 0) -> 0 | AS186: =IF(P186="사용자항목17", L186, 0) -> 0 | AT186: =IF(P186="사용자항목18", L186, 0) -> 0 | AU186: =IF(P186="사용자항목19", L186, 0) -> 0
A187: 청소함/분전반수납장 | B187: 2400*550*2550 | C187: EA | D187: 1 | O187: ="" | P187: 기계경비 | Q187: 1 | R187: =IF(P187="기계경비", J187, 0) -> 0 | S187: =IF(P187="운반비", L187, 0) -> 0 | T187: =IF(P187="작업부산물", F187, 0) -> 0 | U187: =IF(P187="관급", F187, 0) -> 0 | V187: =IF(P187="외주비", J187, 0) -> 0 | W187: =IF(P187="장비비", J187, 0) -> 0 | X187: =IF(P187="폐기물처리비", L187, 0) -> 0 | Y187: =IF(P187="가설비", J187, 0) -> 0 | Z187: =IF(P187="잡비제외분", F187, 0) -> 0 | AA187: =IF(P187="사급자재대", L187, 0) -> 0 | AB187: =IF(P187="관급자재대", L187, 0) -> 0 | AC187: =IF(P187="관급자관급", L187, 0) -> 0 | AD187: =IF(P187="품질시험비", L187, 0) -> 0 | AE187: =IF(P187="수도광열비", L187, 0) -> 0 | AF187: =IF(P187="공기중석면농도측정비", L187, 0) -> 0 | AG187: =IF(P187="사용자항목5", L187, 0) -> 0 | AH187: =IF(P187="사용자항목6", L187, 0) -> 0 | AI187: =IF(P187="사용자항목7", L187, 0) -> 0 | AJ187: =IF(P187="관급자재대2", L187, 0) -> 0 | AK187: =IF(P187="작업부산물", L187, 0) -> 0 | AL187: =IF(P187="해체계획비및검토비", L187, 0) -> 0 | AM187: =IF(P187="사용자항목11", L187, 0) -> 0 | AN187: =IF(P187="사용자항목12", L187, 0) -> 0 | AO187: =IF(P187="사용자항목13", L187, 0) -> 0 | AP187: =IF(P187="사용자항목14", L187, 0) -> 0 | AQ187: =IF(P187="사용자항목15", L187, 0) -> 0 | AR187: =IF(P187="사용자항목16", L187, 0) -> 0 | AS187: =IF(P187="사용자항목17", L187, 0) -> 0 | AT187: =IF(P187="사용자항목18", L187, 0) -> 0 | AU187: =IF(P187="사용자항목19", L187, 0) -> 0
A202: 합 계 | F202: =ROUNDDOWN(SUMIF(Q182:Q201, "1", F182:F201), 0) -> 0 | H202: =ROUNDDOWN(SUMIF(Q182:Q201, "1", H182:H201), 0) -> 0 | J202: =ROUNDDOWN(SUMIF(Q182:Q201, "1", J182:J201), 0) -> 0 | L202: =F202+H202+J202 -> 0 | R202: =ROUNDDOWN(SUM(R182:R187), 0) -> 0 | S202: =ROUNDDOWN(SUM(S182:S187), 0) -> 0 | T202: =ROUNDDOWN(SUM(T182:T187), 0) -> 0 | U202: =ROUNDDOWN(SUM(U182:U187), 0) -> 0 | V202: =ROUNDDOWN(SUM(V182:V187), 0) -> 0 | W202: =ROUNDDOWN(SUM(W182:W187), 0) -> 0 | X202: =ROUNDDOWN(SUM(X182:X187), 0) -> 0 | Y202: =ROUNDDOWN(SUM(Y182:Y187), 0) -> 0 | ... AY202: =ROUNDDOWN(SUM(AY182:AY187), 0) -> 0
A203: 1. 건축공사 > 9. 간판공사
A204: 고무스카시공사 | B204: 1600*220 | C204: EA | D204: 1 | O204: ="" | P204: 기계경비 | Q204: 1 | R204: =IF(P204="기계경비", J204, 0) -> 0 | S204: =IF(P204="운반비", L204, 0) -> 0 | T204: =IF(P204="작업부산물", F204, 0) -> 0 | U204: =IF(P204="관급", F204, 0) -> 0 | V204: =IF(P204="외주비", J204, 0) -> 0 | W204: =IF(P204="장비비", J204, 0) -> 0 | X204: =IF(P204="폐기물처리비", L204, 0) -> 0 | Y204: =IF(P204="가설비", J204, 0) -> 0 | Z204: =IF(P204="잡비제외분", F204, 0) -> 0 | AA204: =IF(P204="사급자재대", L204, 0) -> 0 | AB204: =IF(P204="관급자재대", L204, 0) -> 0 | AC204: =IF(P204="관급자관급", L204, 0) -> 0 | AD204: =IF(P204="품질시험비", L204, 0) -> 0 | AE204: =IF(P204="수도광열비", L204, 0) -> 0 | AF204: =IF(P204="공기중석면농도측정비", L204, 0) -> 0 | AG204: =IF(P204="사용자항목5", L204, 0) -> 0 | AH204: =IF(P204="사용자항목6", L204, 0) -> 0 | AI204: =IF(P204="사용자항목7", L204, 0) -> 0 | AJ204: =IF(P204="관급자재대2", L204, 0) -> 0 | AK204: =IF(P204="작업부산물", L204, 0) -> 0 | AL204: =IF(P204="해체계획비및검토비", L204, 0) -> 0 | AM204: =IF(P204="사용자항목11", L204, 0) -> 0 | AN204: =IF(P204="사용자항목12", L204, 0) -> 0 | AO204: =IF(P204="사용자항목13", L204, 0) -> 0 | AP204: =IF(P204="사용자항목14", L204, 0) -> 0 | AQ204: =IF(P204="사용자항목15", L204, 0) -> 0 | AR204: =IF(P204="사용자항목16", L204, 0) -> 0 | AS204: =IF(P204="사용자항목17", L204, 0) -> 0 | AT204: =IF(P204="사용자항목18", L204, 0) -> 0 | AU204: =IF(P204="사용자항목19", L204, 0) -> 0
A224: 합 계 | F224: =ROUNDDOWN(SUMIF(Q204:Q223, "1", F204:F223), 0) -> 0 | H224: =ROUNDDOWN(SUMIF(Q204:Q223, "1", H204:H223), 0) -> 0 | J224: =ROUNDDOWN(SUMIF(Q204:Q223, "1", J204:J223), 0) -> 0 | L224: =F224+H224+J224 -> 0 | R224: =ROUNDDOWN(SUM(R204:R204), 0) -> 0 | S224: =ROUNDDOWN(SUM(S204:S204), 0) -> 0 | T224: =ROUNDDOWN(SUM(T204:T204), 0) -> 0 | U224: =ROUNDDOWN(SUM(U204:U204), 0) -> 0 | V224: =ROUNDDOWN(SUM(V204:V204), 0) -> 0 | W224: =ROUNDDOWN(SUM(W204:W204), 0) -> 0 | X224: =ROUNDDOWN(SUM(X204:X204), 0) -> 0 | Y224: =ROUNDDOWN(SUM(Y204:Y204), 0) -> 0 | ... AY224: =ROUNDDOWN(SUM(AY204:AY204), 0) -> 0
A225: 1. 건축공사 > 10. 작업부신믈
...

Sheet 내역서(기계)
A1: [ 전남고2026학년도AI융합형교육실구축(기계) ]
A2: 품 명 | B2: 규 격 | C2: 단위 | D2: 수량 | E2: 재 료 비 | G2: 노 무 비 | I2: 경 비 | K2: 합 계 | M2: 비 고 | N2: 품목코드 | O2: 변수 | P2: 설정 | Q2: 공종코드 | R2: 일위 | S2: 단산 | T2: 자재 | U2: 손료적용 | V2: 손료저장 | W2: 적용율 | X2: JUK1 | Y2: JUK2 | Z2: JUK3 | AA2: JUK4 | AB2: JUK5 | AC2: JUK6 | AD2: JUK7 | AE2: JUK8 | AF2: JUK9 | AG2: JUK10 | AH2: JUK11 | AI2: JUK12 | AJ2: JUK13 | AK2: JUK14 | AL2: JUK15 | AM2: JUK16 | AN2: JUK17 | AO2: JUK18 | AP2: JUK19 | AQ2: JUK20 | AR2: 자재구분 | AS2: 공종구분 | AT2: 공종레벨 | AU2: 공종+자재 | AV2: 고유번호
E3: 단 가 | F3: 금 액 | G3: 단 가 | H3: 금 액 | I3: 단 가 | J3: 금 액 | K3: 단 가 | L3: 금 액
A4: 1-1.장비 및 위생기구 설치공사 | Q4: 010101
A5: 전기온수기 | B5: 전기온수기, 15L, 스테인리스 | C5: 대 | D5: 1 | M5: 호표 1 | N5: 58F285FA0B08C6AAA7685AF9056716 | Q5: 010101 | R5: T | S5: F | T5: F | AU5: 01010158F285FA0B08C6AAA7685AF9056716 | AV5: 7
A6: 주방수전(대붙이) | B6: 주방수전, 싱글레버, 1등급 | C6: 개 | D6: 1 | M6: 호표 2 | N6: 58F285FA0B08C6AAA7685AF9053742 | Q6: 010101 | R6: T | S6: F | T6: F | AU6: 01010158F285FA0B08C6AAA7685AF9053742 | AV6: 8
Q7: 010101
Q8: 010101
Q9: 010101
Q10: 010101
Q11: 010101
Q12: 010101
Q13: 010101
Q14: 010101
Q15: 010101
Q16: 010101
Q17: 010101
Q18: 010101
... Q26: 010101
A27: [ 합 계 ] | F27: =SUMIF(Q5:Q26,"010101",F5:F26) -> 0 | H27: =SUMIF(Q5:Q26,"010101",H5:H26) -> 0 | J27: =SUMIF(Q5:Q26,"010101",J5:J26) -> 0 | L27: =SUMIF(Q5:Q26,"010101",L5:L26) -> 0 | N27: TOTAL
A28: 1-2.급수, 급탕배관 설치공사 | Q28: 010102
A29: 일반배관용스테인리스강관(K-TYPE) | B29: D15 | C29: M | M29: 호표 3 | N29: 58F285FA0B08C6AAA7685AF905078E | Q29: 010102 | R29: T | S29: F | T29: F | AU29: 01010258F285FA0B08C6AAA7685AF905078E | AV29: 12
A30: 스테인리스강제관이음 | B30: ∮15mm, 니플, 나사식 | C30: 개 | N30: 5F2AE588CF085E7DA268FB5D5E37057424B3BB | Q30: 010102 | R30: F | S30: F | T30: T | AU30: 0101025F2AE588CF085E7DA268FB5D5E37057424B3BB | AV30: 13
A31: 스테인리스강제관이음 | B31: 일반배관용스테인리스강관관이음쇠, ∮15mm, 소켓, 나사식 | C31: 개 | N31: 5F2AE588CF085E7DA268FB5D5E37057424B446 | Q31: 010102 | R31: F | S31: F | T31: T | AU31: 0101025F2AE588CF085E7DA268FB5D5E37057424B446 | AV31: 14
A32: 스테인리스강제관이음(프레스식) | B32: ∮15mm, 엘보90°, 프레스 | C32: 개 | N32: 5F2AE588CF085E7DA268FB5D5E370577FF1DFB | Q32: 010102 | R32: F | S32: F | T32: T | AU32: 0101025F2AE588CF085E7DA268FB5D5E370577FF1DFB | AV32: 15
A33: 스테인리스강제관이음(프레스식) | B33: ∮15*15mm, 티, 프레스 | C33: 개 | N33: 5F2AE588CF085E7DA268FB5D5E37057421F4E9 | Q33: 010102 | R33: F | S33: F | T33: T | AU33: 0101025F2AE588CF085E7DA268FB5D5E37057421F4E9 | AV33: 16
A34: 스테인리스강제관이음(프레스식) | B34: ∮15, K-유니언, 프레스 | C34: 개 | N34: 5F2AE588CF085E7DA268FB5D5E37057424B295 | Q34: 010102 | R34: F | S34: F | T34: T | AU34: 0101025F2AE588CF085E7DA268FB5D5E37057424B295 | AV34: 17
A35: 스테인리스강제관이음(프레스식) | B35: ∮15mm, 소켓, 프레스 | C35: 개 | N35: 5F2AE588CF085E7DA268FB5D5E3705742707FF | Q35: 010102 | R35: F | S35: F | T35: T | AU35: 0101025F2AE588CF085E7DA268FB5D5E3705742707FF | AV35: 18
A36: 스테인리스강제관이음(프레스식) | B36: ∮15mm, 암어댑터소켓, 프레스 | C36: 개 | N36: 5F2AE588CF085E7DA268FB5D5E3705742706D2 | Q36: 010102 | R36: F | S36: F | T36: T | AU36: 0101025F2AE588CF085E7DA268FB5D5E3705742706D2 | AV36: 19
A37: 스테인리스강제관이음(프레스식) | B37: ∮15mm, 숫어댑터소켓, 프레스 | C37: 개 | N37: 5F2AE588CF085E7DA268FB5D5E370574270157 | Q37: 010102 | R37: F | S37: F | T37: T | AU37: 0101025F2AE588CF085E7DA268FB5D5E370574270157 | AV37: 20
A38: 스테인리스강제관이음(프레스식) | B38: ∮15mm, 수전엘보, 프레스 | C38: 개 | N38: 5F2AE588CF085E7DA268FB5D5E175D26A70C03 | Q38: 010102 | R38: F | S38: F | T38: T | AU38: 0101025F2AE588CF085E7DA268FB5D5E175D26A70C03 | AV38: 21
A39: 볼밸브설치(스텐, 10kg) | B39: D20 | C39: 개 | M39: 호표 4 | N39: 58B815A9E7082CA23EB8D0B9FAF7E5 | Q39: 010102 | R39: T | S39: F | T39: F | AU39: 01010258B815A9E7082CA23EB8D0B9FAF7E5 | AV39: 22
A40: 감압밸브 | B40: 냉온수, 나사, D15 | C40: EA | M40: 호표 5 | N40: 58B815AB900809C37BE864D60B3758 | Q40: 010102 | R40: T | S40: F | T40: F | AU40: 01010258B815AB900809C37BE864D60B3758 | AV40: 23
A41: 절연행가(달대볼트) | B41: D15 | C41: 개소 | M41: 호표 6 | N41: 58B8F5C2CD08DC91AB08F13E49F7D5 | Q41: 010102 | R41: T | S41: F | T41: F | AU41: 01010258B8F5C2CD08DC91AB08F13E49F7D5 | AV41: 24
A42: 구멍뚫기(코어드릴) | B42: D25, 콘크리트 150mm, 벽 | C42: 개소 | M42: 호표 7 | N42: 58B8D5F8140814190608AE2B19E793 | Q42: 010102 | R42: T | S42: F | T42: F | AU42: 01010258B8D5F8140814190608AE2B19E793 | AV42: 25
A43: 관보온(아티론)-매립 | B43: 5t*D15 | C43: M | M43: 호표 8 | N43: 58B835F79F08B51A1898CA3D0BF771 | Q43: 010102 | R43: T | S43: F | T43: F | AU43: 01010258B835F79F08B51A1898CA3D0BF771 | AV43: 26
A44: 관보온(고무발포, 매직테프) | B44: 25t*D15 | C44: M | M44: 호표 9 | N44: 58B835F4C60852BE29683C142CB7E7 | Q44: 010102 | R44: T | S44: F | T44: F | AU44: 01010258B835F4C60852BE29683C142CB7E7 | AV44: 27
Q45: 010102
Q46: 010102
Q47: 010102
Q48: 010102
Q49: 010102
Q50: 010102
A51: [ 합 계 ] | N51: TOTAL
A52: 1-3.오수, 배수배관 설치공사 | Q52: 010103
A53: 일반용경질폴리염화비닐관 | B53: 일반용경질폴리염화비닐관, ∮50mm, VG1 | C53: M | M53: 호표 10 | N53: 58F285FA0B08C6AAA7685AF9051795 | Q53: 010103 | R53: T | S53: F | T53: F | AU53: 01010358F285FA0B08C6AAA7685AF9051795 | AV53: 31
A54: 일반용경질폴리염화비닐이음관 | B54: 일반용경질폴리염화비닐이음관, ∮50mm, 90˚단곡관(DTS) | C54: 개 | N54: 5F2AE588CF085E7DA3786AA61FA7D4110FDC74 | Q54: 010103 | R54: F | S54: F | T54: T | AU54: 0101035F2AE588CF085E7DA3786AA61FA7D4110FDC74 | AV54: 32
A55: 일반용경질폴리염화비닐이음관 | B55: 일반용경질폴리염화비닐이음관, ∮50*∮50mm, PVC티, DTS | C55: 개 | N55: 5F2AE588CF085E7DA3786AA61FA7D4110C047B | Q55: 010103 | R55: F | S55: F | T55: T | AU55: 0101035F2AE588CF085E7DA3786AA61FA7D4110C047B | AV55: 33
A56: 일반용경질폴리염화비닐이음관 | B56: 일반용경질폴리염화비닐이음관, ∮50mm, PVC소켓, DTS | C56: 개 | N56: 5F2AE588CF085E7DA3786AA61FA7D4110C07CA | Q56: 010103 | R56: F | S56: F | T56: T | AU56: 0101035F2AE588CF085E7DA3786AA61FA7D4110C07CA | AV56: 34
A57: 일반용경질폴리염화비닐이음관 | B57: 일반용경질폴리염화비닐이음관, ∮50mm, 45˚단곡관, DL | C57: 개 | N57: 5F2AE588CF085E7DA3786AA61F2787991D5BBA | Q57: 010103 | R57: F | S57: F | T57: T | AU57: 0101035F2AE588CF085E7DA3786AA61F2787991D5BBA | AV57: 35
A58: 구멍뚫기(코어드릴) | B58: D50, 콘크리트 150mm | C58: 개소 | M58: 호표 11 | N58: 58B8D5F814081145A788ADE390679B | Q58: 010103 | R58: T | S58: F | T58: F | AU58: 01010358B8D5F814081145A788ADE390679B | AV58: 36
A59: 구멍뚫기(코어드릴) | B59: D50, 콘크리트 150mm, 벽 | C59: 개소 | M59: 호표 12 | N59: 58B8D5F814081145A788ADD127C751 | Q59: 010103 | R59: T | S59: F | T59: F | AU59: 01010358B8D5F814081145A788ADD127C751 | AV59: 37
Q60: 010103
Q61: 010103
Q62: 010103
Q63: 010103
Q64: 010103
Q65: 010103
Q66: 010103
Q67: 010103
Q68: 010103
Q69: 010103
Q70: 010103
Q71: 010103
... Q74: 010103
A75: [ 합 계 ] | N75: TOTAL
A76: 1-4.냉난방기 리모컨 이전 설치공사 | Q76: 010104
A77: 유선리모컨 이전설치 | B77: 철거 및 이전설치 | C77: 개 | N77: 59EAB57E7B085B0B6F58AB2B9737201CAC2B82 | Q77: 010104 | R77: F | S77: F | T77: T | AU77: 01010459EAB57E7B085B0B6F58AB2B9737201CAC2B82 | AV77: 45
A78: 룸콘트롤러설치용전선 | B78: 전선 및 전선관 | C78: m | N78: 59EAB57E7B085B0B6F58AB2B9737201CAC2B8E | Q78: 010104 | R78: F | S78: F | T78: T | AU78: 01010459EAB57E7B085B0B6F58AB2B9737201CAC2B8E | AV78: 49
A79: 잡자재비 및 공구손료 | C79: 식 | N79: 59EAB57E7B085B0B6F58AB2B9737201CAC2AFC | Q79: 010104 | R79: F | S79: F | T79: T | AU79: 01010459EAB57E7B085B0B6F58AB2B9737201CAC2AFC | AV79: 54
Q80: 010104
Q81: 010104
Q82: 010104
Q83: 010104
Q84: 010104
Q85: 010104
Q86: 010104
Q87: 010104
Q88: 010104
Q89: 010104
Q90: 010104
Q91: 010104
... Q98: 010104
A99: [ 합 계 ] | N99: TOTAL
A100: 1-5.철거 공사 | Q100: 010105
A101: 디퓨져 철거 | B101: ND200이하 | C101: 개소 | M101: 호표 13 | N101: 58B845DDCB0845CFFFB831B37B37A3 | Q101: 010105 | R101: T | S101: F | T101: F | AU101: 01010558B845DDCB0845CFFFB831B37B37A3 | AV101: 40
A102: 디퓨져 철거후 재설치 | B102: ND200이하 | C102: 개소 | M102: 호표 14 | N102: 58B845DDCB0845CFFFB831B37B37A6 | Q102: 010105 | R102: T | S102: F | T102: F | AU102: 01010558B845DDCB0845CFFFB831B37B37A6 | AV102: 41
A103: 주방수전 철거 | C103: 식 | M103: 호표 15 | N103: 58B8F5C7B30871B476882CAA3F1762 | Q103: 010105 | R103: T | S103: F | T103: F | AU103: 01010558B8F5C7B30871B476882CAA3F1762 | AV103: 42
Q104: 010105
Q105: 010105
Q106: 010105
Q107: 010105
Q108: 010105
Q109: 010105
Q110: 010105
Q111: 010105
Q112: 010105
Q113: 010105
Q114: 010105
Q115: 010105
...
